code;titre;traduction;annee;paragraphes;caracteres;audio_en_ligne;pdf_en_ligne;fichier;lien_pdf
47-0412;La Foi Est l'Assurance;SHP;1947;395;104233;oui;oui;47-0412__Shp.json.gz;https://branham.fr/files/pdf/47/Faith_Is_The_Substance.pdf
47-1100;Communion;SHP;1947;24;2646;non;oui;47-1100__shp.json.gz;https://branham.fr/files/pdf/47/shp47-1100.pdf
47-1102;L'Ange de Dieu (L'Ange et Sa Commission);SHP;1947;285;62756;non;oui;47-1102__SHP.json.gz;https://branham.fr/files/pdf/47/The_ Angel_And_His_Commission.pdf
47-1123;Les Enfants d’Israël (Les enfants dans le désert);SHP;1947;301;72951;non;oui;47-1123__Shp.json.gz;https://branham.fr/files/pdf/47/Children_In_The_Wilderness.pdf
47-1207;Expériences #1;SHP;1947;608;126476;non;oui;47-1207__SHP.json.gz;https://branham.fr/files/pdf/47/Expectations_1.pdf
47-1221;Expériences #2;SHP;1947;121;26047;non;oui;47-1221__SHP.json.gz;https://branham.fr/files/pdf/47/Expectations_2.pdf
48-0000;Ligne De Prière;SHP;1948;120;20317;non;oui;48-0000__Shp.json.gz;https://branham.fr/files/pdf/48/shp48-0000.pdf
48-0302;Expériences;BBV;1948;1007;166487;non;oui;48-0302__BBV.json.gz;https://branham.fr/files/pdf/48/Experiences.pdf
48-0302;Expériences;SHP;1948;1103;166329;non;oui;48-0302__SHP.json.gz;https://branham.fr/files/pdf/48/Expectations.pdf
48-0304;L'Ange De Dieu;SHP;1948;357;67345;non;oui;48-0304__Shp.json.gz;https://branham.fr/files/pdf/48/shp48-0304.pdf
48-0305;Sur Ta Parole, Seigneur;SHP;1948;296;53306;non;oui;48-0305__SHP.json.gz;https://branham.fr/files/pdf/48/48-0305.pdf
49-0718;Je N'ai Point Été Désobéissant À La Vision Céleste;MS;1949;115;37602;non;oui;49-0718__MS.json.gz;https://branham.fr/files/pdf/49/I_Was_Not_Disobedient_To_The_Heavenly_Vision.pdf
49-0718;Je N'ai Point Été Désobéissant À La Vision Céleste;SHP;1949;77;38073;non;oui;49-0718__Shp.json.gz;https://branham.fr/files/pdf/49/49-0718_JE_N_AI_POINT_ETE_DESOBEISSANT_A_LA_VISION_CELESTE.pdf
49-1225;Divinité De Jésus-Christ;MS;1949;272;63536;oui;oui;49-1225__MS.json.gz;https://branham.fr/files/pdf/49/The_Deity_Of_Jesus_Christ.pdf
49-1225;La Divinité De Jésus-Christ;SHP;1949;188;63693;oui;oui;49-1225__Shp.json.gz;https://branham.fr/files/pdf/49/shp49-1225.pdf
50-0100;Les Maladies et les Afflictions;SHP;1950;429;61203;non;oui;50-0100__SHP.json.gz;https://branham.fr/files/pdf/50/Diseases_And_Afflictions.pdf
50-0110;Commission de Moïse;MS;1950;213;50531;non;oui;50-0110__MS.json.gz;https://branham.fr/files/pdf/50/Moses_Commission.pdf
50-0110;La Commission De Moise, (L'explication De Deux Signes);SHP;1950;152;50622;non;oui;50-0110__Shp.json.gz;https://branham.fr/files/pdf/50/SHP50-0110.pdf
50-0115;Crois-Tu Cela?;SHP;1950;317;62040;non;oui;50-0115__Shp.json.gz;https://branham.fr/files/pdf/50/shp50-0115.pdf
50-0200;Nous N’avons Point Ici-Bas De Cité Permanente;SHP;1950;611;94361;non;oui;50-0200__Shp.json.gz;https://branham.fr/files/pdf/50/shp50-0200.pdf
50-0227;Dieu Dans Son Peuple;MS;1950;111;35867;non;oui;50-0227__MS.json.gz;https://branham.fr/files/pdf/50/God_In_His_People.pdf
50-0227;Dieu Dans Son Peuple;SHP;1950;76;35954;non;oui;50-0227__Shp.json.gz;https://branham.fr/files/pdf/50/50-0227_DIEU_DANS_SON_PEUPLE.pdf
50-0300;Les Dons Et Les Appels Sont Sans Repentir;BBV;1950;154;36440;non;oui;50-0300__BBV.json.gz;https://branham.fr/files/pdf/50/Gifts_And_Callings_Are_Without_Repentance.pdf
50-0300;Les Dons Et Les Appels Sont Sans Repentir;SHP;1950;96;36121;non;oui;50-0300__Shp.json.gz;https://branham.fr/files/pdf/50/SHP50-0300.pdf
50-0405;Expectative;SHP;1950;569;88998;non;oui;50-0405__Shp.json.gz;https://branham.fr/files/pdf/50/shp50-0405.pdf
50-0409;Service De Baptême;SHP;1950;55;14119;non;oui;50-0409__Shp.json.gz;https://branham.fr/files/pdf/50/shp50-0409.pdf
50-0711;Le Ministère Expliqué;SHP;1950;255;53927;non;oui;50-0711__Shp.json.gz;https://branham.fr/files/pdf/50/shp50-0711.pdf
50-0713;Obéis À La Voix De l’Ange;SHP;1950;209;44539;non;oui;50-0713__Shp.json.gz;https://branham.fr/files/pdf/50/50-0713.pdf
50-0714;Sur Ta Parole;SHP;1950;223;46178;non;oui;50-0714__Shp.json.gz;https://branham.fr/files/pdf/50/shp50-0714.pdf
50-0715;Conduit Par l’Esprit;MS;1950;188;39234;non;oui;50-0715__MS.json.gz;https://branham.fr/files/pdf/50/Led_By_The_Spirit.pdf
50-0715;Conduit Par l'Esprit;SHP;1950;153;39388;non;oui;50-0715__Shp.json.gz;https://branham.fr/files/pdf/50/shp50-0715.pdf
50-0716;Crois-Tu Cela?;SHP;1950;485;91062;non;oui;50-0716__Shp.json.gz;https://branham.fr/files/pdf/50/shp50-0716.pdf
50-0808;La Guérison Et Ce Qu'est La Maladie;MS;1950;86;23894;non;oui;50-0808__MS.json.gz;https://branham.fr/files/pdf/50/Healing.pdf
50-0808;La Guérison Et Ce Qu'est La Maladie;SHP;1950;73;24151;non;oui;50-0808__Shp.json.gz;https://branham.fr/files/pdf/50/50-0808_LA_GUERISON_ET_CE_QU_EST_LA_MALADIE.pdf
50-0810;Expectative;SHP;1950;493;83884;non;oui;50-0810__Shp.json.gz;https://branham.fr/files/pdf/50/shp50-0810.pdf
50-0811;La Piscine De Béthesda;MS;1950;160;45306;non;oui;50-0811__MS.json.gz;https://branham.fr/files/pdf/50/The_Pool_Of_Bethesda.pdf
50-0811;La Piscine De Bethesda;SHP;1950;114;45796;non;oui;50-0811__Shp.json.gz;https://branham.fr/files/pdf/50/SHP50-0811.pdf
50-0813A;La Resurrection de Lazare;SHP;1950;377;53842;non;oui;50-0813A__SHP.json.gz;https://branham.fr/files/pdf/50/The_Resurrection_Of_Lazarus.pdf
50-0813E;Dieu Se Révèle À Son Peuple;SHP;1950;452;79993;non;oui;50-0813E__Shp.json.gz;https://branham.fr/files/pdf/50/shp50-0813E.pdf
50-0814;Témoignage;SHP;1950;294;57609;non;oui;50-0814__Shp.json.gz;https://branham.fr/files/pdf/50/shp50-0814.pdf
50-0815;L'Attitude Et Qui Est Dieu?;MS;1950;291;63155;non;oui;50-0815__MS.json.gz;https://branham.fr/files/pdf/50/Attitude_And_Who_Is_God.pdf
50-0815;L'Attitude Et Qui Est Dieu?;SHP;1950;229;63710;non;oui;50-0815__Shp.json.gz;https://branham.fr/files/pdf/50/50-0815_L_ATTITUDE_ET_QUI_EST_DIEU.pdf
50-0816;Regarder À l’Invisible;BBV;1950;267;53260;non;oui;50-0816__BBV.json.gz;https://branham.fr/files/pdf/50/Looking_To_The_Unseen.pdf
50-0816;Regarder À l’Invisible;SHP;1950;277;53136;non;oui;50-0816__Shp.json.gz;https://branham.fr/files/pdf/50/shp50-0816.pdf
50-0818;Il En Sera Comme Il M’a Été Dit;SHP;1950;453;83914;non;oui;50-0818__Shp.json.gz;https://branham.fr/files/pdf/50/shp50-0818.pdf
50-0819;Montre-Nous Le Père Et Cela Nous Suffit;SHP;1950;407;75227;non;oui;50-0819__Shp.json.gz;https://branham.fr/files/pdf/50/shp50-0819.pdf
50-0820A;Histoire De Ma Vie;SHP;1950;827;155200;non;oui;50-0820A__Shp.json.gz;https://branham.fr/files/pdf/50/shp50-0820A.pdf
50-0820E;Croyez-Vous Que Je Puisse Faire Cela?;SHP;1950;593;86392;non;oui;50-0820E__Shp.json.gz;https://branham.fr/files/pdf/50/shp50-0820E.pdf
50-0821;L’Ange Et La Commission;SHP;1950;424;75958;non;oui;50-0821__Shp.json.gz;https://branham.fr/files/pdf/50/shp50-0821.pdf
50-0822;La Foi Sans Les Œuvres Est Morte;SHP;1950;443;76317;non;oui;50-0822__Shp.json.gz;https://branham.fr/files/pdf/50/Faith_Without_Works_Is_Dead.pdf
50-0823;Témoignage;SHP;1950;410;72663;non;oui;50-0823__Shp.json.gz;https://branham.fr/files/pdf/50/shp50-0823.pdf
50-0824;Et À Qui Le Bras De l’Éternel A Été Révélé?;BBV;1950;246;45843;non;oui;50-0824__BBV.json.gz;https://branham.fr/files/pdf/50/To_Whom_Is_The_Arm_Of_The_Lord_Revealed.pdf
50-0824;Et À Qui Le Bras De L'Éternel A-T-Il Été Révélé ?;SHP;1950;134;45867;non;oui;50-0824__Shp.json.gz;https://branham.fr/files/pdf/50/SHP50-0824.pdf
50-0827A;Enfant Prodigue;SHP;1950;357;64077;non;oui;50-0827A__Shp.json.gz;https://branham.fr/files/pdf/50/shp50-0827A.pdf
50-0827E;Prends La Verge Et Convoque l’Assemblée;SHP;1950;288;53385;non;oui;50-0827E__Shp.json.gz;https://branham.fr/files/pdf/50/shp50-0827E.pdf
51-0413;Les Œuvres Que Je Fais Rendent Témoignage De Moi;MS;1951;70;23202;non;oui;51-0413__MS.json.gz;https://branham.fr/files/pdf/51/Works_That_I_Do_Bear_Witness_Of_Me.pdf
51-0413;Les Œuvres Que Je Fais Rendent Témoignage De Moi;SHP;1951;196;63262;non;oui;51-0413__Shp.json.gz;https://branham.fr/files/pdf/51/SHP51-0413.pdf
51-0414;L'Ange Et Les Trois Pulls;MS;1951;201;49016;non;oui;51-0414__MS.json.gz;https://branham.fr/files/pdf/51/The_Angel_And_Three_Pulls.pdf
51-0414;L'Ange Et Les Trois Pulls;SHP;1951;156;49370;non;oui;51-0414__Shp.json.gz;https://branham.fr/files/pdf/51/51-0414_L_ANGE_ET_LES_TROIS_PULLS.pdf
51-0415A;Histoire De Ma Vie;SHP;1951;824;130506;non;oui;51-0415A__Shp.json.gz;https://branham.fr/files/pdf/51/shp51-0415A.pdf
51-0415E;L'Heure Est Venue;MS;1951;184;39872;non;oui;51-0415E__MS.json.gz;https://branham.fr/files/pdf/51/The_Hour_is_Come.pdf
51-0415E;L'Heure Est Venue;SHP;1951;190;57384;non;oui;51-0415E__Shp.json.gz;https://branham.fr/files/pdf/51/SHP51-0415E.pdf
51-0501;Exhortation Sur La Guérison Divine;SHP;1951;420;75444;non;oui;51-0501__Shp.json.gz;https://branham.fr/files/pdf/51/shp51-0501.pdf
51-0502;L'Ange de l’Éternel;SHP;1951;460;89164;non;oui;51-0502__Shp.json.gz;https://branham.fr/files/pdf/51/shp51-0502.pdf
51-0503;Je Serai Avec Toi, Comme J’ai Été Avec Moïse;SHP;1951;409;67877;non;oui;51-0503__Shp.json.gz;https://branham.fr/files/pdf/51/shp51-0503.pdf
51-0505;Ma Commission;SHP;1951;532;96267;non;oui;51-0505__Shp.json.gz;https://branham.fr/files/pdf/51/shp51-0505.pdf
51-0506A;Crois-Tu Cela?;SHP;1951;320;58508;non;oui;51-0506A__Shp.json.gz;https://branham.fr/files/pdf/51/shp51-0506A.pdf
51-0506E;Sur Ta Parole;SHP;1951;347;49469;non;oui;51-0506E__Shp.json.gz;https://branham.fr/files/pdf/51/shp51-0506E.pdf
51-0507;Expectative;SHP;1951;202;44263;non;oui;51-0507__Shp.json.gz;https://branham.fr/files/pdf/51/shp51-0507.pdf
51-0508;Trouverai-Je La Foi À Mon Retour?;MS;1951;174;60670;non;oui;51-0508__MS.json.gz;https://branham.fr/files/pdf/51/Will_I_Find_Faith_When_I_Return.pdf
51-0508;La Foi Est Une Ferme Assurance;SHP;1951;311;63740;non;oui;51-0508__Shp.json.gz;https://branham.fr/files/pdf/51/shp51-0508.pdf
51-0509;Témoignage;SHP;1951;532;98124;non;oui;51-0509__Shp.json.gz;https://branham.fr/files/pdf/51/shp51-0509.pdf
51-0714;Expectative;SHP;1951;445;78495;non;oui;51-0714__Shp.json.gz;https://branham.fr/files/pdf/51/shp51-0714.pdf
51-0717;La Manifestation De l’Esprit;SHP;1951;414;83050;non;oui;51-0717__Shp.json.gz;https://branham.fr/files/pdf/51/shp51-0717.pdf
51-0718;L’Ange Du Seigneur;SHP;1951;251;60037;non;oui;51-0718__Shp.json.gz;https://branham.fr/files/pdf/51/shp51-0718.pdf
51-0719;Qui A Cru À Ce Qui Nous Était Annoncé?;SHP;1951;404;67760;non;oui;51-0719__Shp.json.gz;https://branham.fr/files/pdf/51/shp51-0719.pdf
51-0720;L’Ange De Dieu;SHP;1951;301;65539;non;oui;51-0720__Shp.json.gz;https://branham.fr/files/pdf/51/shp51-0720.pdf
51-0721;La Vie Des Demons Et Les Visions;SHP;1951;264;42656;non;oui;51-0721__Shp.json.gz;https://branham.fr/files/pdf/51/Life_Of_Demons_And_Visions.pdf
51-0722A;Histoire De Ma Vie;SHP;1951;881;138685;non;oui;51-0722A__Shp.json.gz;https://branham.fr/files/pdf/51/shp51-0722A.pdf
51-0722E;Le Second Miracle;SHP;1951;82;24043;non;oui;51-0722E__Shp.json.gz;https://branham.fr/files/pdf/51/51-0722E.pdf
51-0727;La Seule Vraie Église Vivante;SHP;1951;383;91112;non;oui;51-0727__Shp.json.gz;https://branham.fr/files/pdf/51/Only_One_True_Living_Church.pdf
51-0728;Trois Témoins;SHP;1951;496;102580;non;oui;51-0728__Shp.json.gz;https://branham.fr/files/pdf/51/shp51-0728.pdf
51-0729A;La Résurrection De Lazare;SHP;1951;619;103880;non;oui;51-0729A__Shp.json.gz;https://branham.fr/files/pdf/51/shp51-0729A.pdf
51-0729E;Le Second Miracle;SHP;1951;689;115114;non;oui;51-0729E__Shp.json.gz;https://branham.fr/files/pdf/51/shp51-0729E.pdf
51-0923;Les Principes De La Guérison Divine;SHP;1951;606;125995;non;oui;51-0923__Shp.json.gz;https://branham.fr/files/pdf/51/shp51-0923.pdf
51-0928;Par Ta Parole;SHP;1951;424;90843;non;oui;51-0928__Shp.json.gz;https://branham.fr/files/pdf/51/shp51-0928.pdf
51-0929;Le Prophète Connaît Le Cœur;MS;1951;259;72841;non;oui;51-0929__MS.json.gz;https://branham.fr/files/pdf/51/Our_HopeIs_In_God.pdf
51-0929;Notre Espoir Repose En Dieu;SHP;1951;354;74417;non;oui;51-0929__Shp.json.gz;https://branham.fr/files/pdf/51/shp51-0929.pdf
51-0930A;Que Pensez-Vous Du Christ?;SHP;1951;193;28775;non;oui;51-0930A__Shp.json.gz;https://branham.fr/files/pdf/51/shp51-0930A.pdf
51-0930E;Expectative;SHP;1951;433;94703;non;oui;51-0930E__Shp.json.gz;https://branham.fr/files/pdf/51/shp51-0930E.pdf
51-1003;Crois-Tu Cela?;SHP;1951;519;102977;non;oui;51-1003__Shp.json.gz;https://branham.fr/files/pdf/51/shp51-1003.pdf
52-0224;Croire Dieu;MS;1952;434;87529;non;oui;52-0224__MS.json.gz;https://branham.fr/files/pdf/52/Believing_God.pdf
52-0224;Croire En Dieu;SHP;1952;525;92426;non;oui;52-0224__Shp.json.gz;https://branham.fr/files/pdf/52/shp52-0224.pdf
52-0713A;Les Premières Expériences Spirituelles;SHP;1952;814;142668;non;oui;52-0713A__Shp.json.gz;https://branham.fr/files/pdf/52/shp52-0713A.pdf
52-0713E;Dieu Rend Témoignage À Ses Dons;SHP;1952;385;88152;non;oui;52-0713E__Shp.json.gz;https://branham.fr/files/pdf/52/shp52-0713E.pdf
52-0715;La Foi Dans Le Fils De Dieu;SHP;1952;551;92558;non;oui;52-0715__Shp.json.gz;https://branham.fr/files/pdf/52/shp52-0715.pdf
52-0716;Tu Connais Toutes Choses;SHP;1952;364;77343;non;oui;52-0716__Shp.json.gz;https://branham.fr/files/pdf/52/shp52-0716.pdf
52-0717;Amène Les Gens À Croire;SHP;1952;556;88897;non;oui;52-0717__Shp.json.gz;https://branham.fr/files/pdf/52/shp52-0717.pdf
52-0718;Et C’est Par Égard Pour Lui Seul;BBV;1952;272;57341;non;oui;52-0718__BBV.json.gz;https://branham.fr/files/pdf/52/For_Him_Will_I_Accept.pdf
52-0718;C'Est Par Egard Pour Lui Seul;SHP;1952;261;57431;non;oui;52-0718__Shp.json.gz;https://branham.fr/files/pdf/52/shp52-0718.pdf
52-0719;Faites Dans Cette Vallée Des Fosses;SHP;1952;212;52759;non;oui;52-0719__Shp.json.gz;https://branham.fr/files/pdf/52/52-0719.pdf
52-0720A;Histoire De Ma Vie;SHP;1952;1055;170506;non;oui;52-0720A__Shp.json.gz;https://branham.fr/files/pdf/52/shp52-0720A.pdf
52-0720E;Qui A Cru À Ce Qui Nous Était Annoncé?;SHP;1952;255;56951;non;oui;52-0720E__Shp.json.gz;https://branham.fr/files/pdf/52/shp52-0720E.pdf
52-0725;La Foi (Un Rapport Sur Le Voyage En Afrique);SHP;1952;271;80494;non;oui;52-0725__Shp.json.gz;https://branham.fr/files/pdf/52/52-0725_LA_FOI_(Un_rapport_sur_le_voyage_en_Afrique).pdf
52-0726;Les Expériences;SHP;1952;439;89685;non;oui;52-0726__Shp.json.gz;https://branham.fr/files/pdf/52/shp52-0726.pdf
52-0727;Être Conduit Par Le Saint-Esprit;SHP;1952;322;54508;non;oui;52-0727__Shp.json.gz;https://branham.fr/files/pdf/52/shp52-0727.pdf
52-0809;La Profondeur Appelle La Profondeur;SHP;1952;153;33762;non;oui;52-0809__Shp.json.gz;https://branham.fr/files/pdf/52/shp52-0809.pdf
52-0810A;Je Suis La Résurrection Et La Vie;BBV;1952;307;65440;non;oui;52-0810A__BBV.json.gz;https://branham.fr/files/pdf/52/I_Am_The_Resurrection_And_The_Life.pdf
52-0810A;Je Suis La Résurrection Et La Vie;SHP;1952;183;65596;non;oui;52-0810A__Shp.json.gz;https://branham.fr/files/pdf/52/52-0810A_JE_SUIS_LA_RESURRECTION_ET_LA_VIE.pdf
52-0810E;Jésus-Christ Est Le Même Hier, Aujourd’hui Et Éternellement;SHP;1952;455;80007;non;oui;52-0810E__Shp.json.gz;https://branham.fr/files/pdf/52/shp52-0810E.pdf
52-0816;Comment La Foi Agit;SHP;1952;450;78027;non;oui;52-0816__Shp.json.gz;https://branham.fr/files/pdf/52/shp52-0816.pdf
52-0817A;Expectative;SHP;1952;373;71176;non;oui;52-0817A__Shp.json.gz;https://branham.fr/files/pdf/52/shp52-0817A.pdf
52-0817E;Vous Croyez Maintenant?;SHP;1952;395;84292;non;oui;52-0817E__Shp.json.gz;https://branham.fr/files/pdf/52/shp52-0817E.pdf
52-0900;La Voie De Dieu Qui A Eté Frayée Pour Nous;SHP;1952;466;69579;non;oui;52-0900__Shp.json.gz;https://branham.fr/files/pdf/52/shp52-0900.pdf
52-1027;Jésus-Christ Est Le Même Hier, Aujourd’hui Et Éternellement;SHP;1952;255;53647;non;oui;52-1027__Shp.json.gz;https://branham.fr/files/pdf/52/shp52-1027.pdf
53-0214;Expectative;MS;1953;29;10440;non;oui;53-0214__MS.json.gz;https://branham.fr/files/pdf/53/Expectations.pdf
53-0215;Jésus-Christ est le même hier, aujourd'hui, et éternellement;SHP;1953;209;44197;non;oui;53-0215__Shp.json.gz;https://branham.fr/files/pdf/53/shp53-0215.pdf
53-0215E;Une Ligne de Prière;SHP;1953;161;31940;non;oui;53-0215E__SHP.json.gz;https://branham.fr/files/pdf/53/Prayer_Line.pdf
53-0216;Mon Ange marchera devant toi;BBV;1953;235;52714;non;oui;53-0216__BBV.json.gz;https://branham.fr/files/pdf/53/My_Angel_Shall_Go_Before_Thee.pdf
53-0216;Les Oeuvres que je fais rendent témoignage;MS;1953;70;23202;non;oui;53-0216__MS.json.gz;https://branham.fr/files/pdf/53/Works_I_Do_Bear_Witness.pdf
53-0216;Mon Ange Marchera Devant Toi;SHP;1953;237;52933;non;oui;53-0216__Shp.json.gz;https://branham.fr/files/pdf/53/shp53-0216.pdf
53-0217;Crois Seulement;BBV;1953;41;10479;non;oui;53-0217__BBV.json.gz;https://branham.fr/files/pdf/53/Only_Believe.pdf
53-0217;Crois Seulement (Expectative);SHP;1953;36;10453;non;oui;53-0217__Shp.json.gz;https://branham.fr/files/pdf/53/shp53-0217.pdf
53-0218;Tout est possible à ceux qui croient;BBV;1953;153;32076;non;oui;53-0218__BBV.json.gz;https://branham.fr/files/pdf/53/All_Things_Are_Possible_To_Them_That_Believe.pdf
53-0218;Toutes Choses Sont Possible A Celui Qui Croit (Une Ligne De Prière);SHP;1953;152;32154;non;oui;53-0218__Shp.json.gz;https://branham.fr/files/pdf/53/shp53-0218.pdf
53-0219;Accepter Le Don De Dieu (Les Oeuvres Que Je Fais Rendent Témoignage);SHP;1953;106;23439;non;oui;53-0219__Shp.json.gz;https://branham.fr/files/pdf/53/shp53-0219.pdf
53-0325;Israël en Egypte;MS;1953;383;100429;oui;oui;53-0325__MS.json.gz;https://branham.fr/files/pdf/53/Israel_In_Egypt.pdf
53-0325;Israël En Egypte;SHP;1953;284;100895;oui;oui;53-0325__Shp.json.gz;https://branham.fr/files/pdf/53/SHP53-0325.pdf
53-0326;Israël à la mer rouge #1;MS;1953;344;85615;oui;oui;53-0326__MS.json.gz;https://branham.fr/files/pdf/53/Israel_At_The_Red_Sea_1.pdf
53-0326;Israël À La Mer Rouge, 1è Partie;SHP;1953;429;85024;oui;oui;53-0326__Shp.json.gz;https://branham.fr/files/pdf/53/shp53-0326.pdf
53-0327;Israël à la mer rouge #2;MS;1953;419;90582;oui;oui;53-0327__MS.json.gz;https://branham.fr/files/pdf/53/Israel_At_The_Red_Sea_2.pdf
53-0327;Israël A La Mer Rouge #2;SHP;1953;319;89785;oui;oui;53-0327__Shp.json.gz;https://branham.fr/files/pdf/53/SHP53-0327.pdf
53-0328;Israël à Kadès-Barnéa;MS;1953;409;92395;oui;oui;53-0328__MS.json.gz;https://branham.fr/files/pdf/53/Israel_At_Kadesh-Barnea.pdf
53-0328;Israël À Kadès-Barnéa (Israël Devant Le Serpent D’airain);SHP;1953;491;93092;oui;oui;53-0328__Shp.json.gz;https://branham.fr/files/pdf/53/shp53-0328.pdf
53-0329;Israël dans sa patrie;MS;1953;214;57488;oui;oui;53-0329__MS.json.gz;https://branham.fr/files/pdf/53/Israel_In_The_Homeland.pdf
53-0329;Israël dans sa patrie;SHP;1953;158;57316;oui;oui;53-0329__Shp.json.gz;https://branham.fr/files/pdf/53/SHP53-0329.pdf
53-0403;La cruauté du péché;MS;1953;317;68461;oui;oui;53-0403__MS.json.gz;https://branham.fr/files/pdf/53/The_Cruelty_Of_Sin_And_The_Penalty_That_It_Cost_To_Rid_Sin_From_Our_Lives.pdf
53-0403;La Cruauté Du Péché Et La Peine Que Cela A Coutée Pour Delivrer Nos Vies Du Péché;SHP;1953;389;72714;non;oui;53-0403__Shp.json.gz;https://branham.fr/files/pdf/53/shp53-0403.pdf
53-0405E;Les Témoins;SHP;1953;436;81238;non;oui;53-0405E__Shp.json.gz;https://branham.fr/files/pdf/53/shp53-0405E.pdf
53-0405M;Prière;SHP;1953;5;1507;non;oui;53-0405M__Shp.json.gz;https://branham.fr/files/pdf/53/shp53-0405M.pdf
53-0405S;Allez dire à mes disciples;MS;1953;483;104233;non;oui;53-0405S__MS.json.gz;https://branham.fr/files/pdf/53/Go_Tell_My_Disciples.pdf
53-0405S;Allez Dire À Mes Disciples;SHP;1953;631;104662;non;oui;53-0405S__Shp.json.gz;https://branham.fr/files/pdf/53/shp53-0405S.pdf
53-0500;Ligne De Prière;SHP;1953;203;44770;non;oui;53-0500__Shp.json.gz;https://branham.fr/files/pdf/53/shp53-0500.pdf
53-0506;Jésus-Christ Est Le Même Hier, Aujourd’hui Et Eternellement;SHP;1953;343;62637;non;oui;53-0506__Shp.json.gz;https://branham.fr/files/pdf/53/shp53-0506.pdf
53-0507;Expectative;SHP;1953;340;76113;non;oui;53-0507__Shp.json.gz;https://branham.fr/files/pdf/53/shp53-0507.pdf
53-0508;Dieu Commissionnant Moïse;SHP;1953;620;103160;non;oui;53-0508__Shp.json.gz;https://branham.fr/files/pdf/53/shp53-0508.pdf
53-0509;La Colonne de Feu;SHP;1953;572;90099;non;oui;53-0509__SHP.json.gz;https://branham.fr/files/pdf/53/The_Pillar_Of_Fire.pdf
53-0510;Témoignage;SHP;1953;271;56952;non;oui;53-0510__Shp.json.gz;https://branham.fr/files/pdf/53/shp53-0510.pdf
53-0511;Nous L’avons Trouvé, Viens Et Vois;SHP;1953;214;39945;non;oui;53-0511__Shp.json.gz;https://branham.fr/files/pdf/53/shp53-0511.pdf
53-0512;Parle À Ce Rocher;SHP;1953;183;66282;non;oui;53-0512__Shp.json.gz;https://branham.fr/files/pdf/53/shp53-0512.pdf
53-0513;La Voie À Laquelle Dieu A Pourvue;SHP;1953;265;50533;non;oui;53-0513__Shp.json.gz;https://branham.fr/files/pdf/53/shp53-0513.pdf
53-0531;À La Recherche De Jésus;SHP;1953;312;70276;non;oui;53-0531__Shp.json.gz;https://branham.fr/files/pdf/53/shp53-0531.pdf
53-0600;Ligne De Prière;SHP;1953;20;2948;non;oui;53-0600__Shp.json.gz;https://branham.fr/files/pdf/53/shp53-0600.pdf
53-0601;Faîtes Ce Qu’il Vous Dira;SHP;1953;222;49155;non;oui;53-0601__Shp.json.gz;https://branham.fr/files/pdf/53/shp53-0601.pdf
53-0602;L’autorité de la Parole;SHP;1953;190;42995;non;oui;53-0602__SHP.json.gz;https://branham.fr/files/pdf/53/53-0602.pdf
53-0603;Dieu Commissionnant Moïse;SHP;1953;381;71071;non;oui;53-0603__Shp.json.gz;https://branham.fr/files/pdf/53/shp53-0603.pdf
53-0604;L’Ange Du Seigneur;SHP;1953;348;74902;non;oui;53-0604__Shp.json.gz;https://branham.fr/files/pdf/53/shp53-0604.pdf
53-0605;Le Début De La Renommée De Jésus;SHP;1953;462;70181;non;oui;53-0605__Shp.json.gz;https://branham.fr/files/pdf/53/shp53-0605.pdf
53-0606;Une Bannière;SHP;1953;337;69129;non;oui;53-0606__Shp.json.gz;https://branham.fr/files/pdf/53/shp53-0606.pdf
53-0607A;Le Ministère De Christ;SHP;1953;414;76166;non;oui;53-0607A__Shp.json.gz;https://branham.fr/files/pdf/53/shp53-0607A.pdf
53-0607E;Un Témoignage;SHP;1953;323;69028;non;oui;53-0607E__Shp.json.gz;https://branham.fr/files/pdf/53/shp53-0607E.pdf
53-0608A;Démonologie - Domaine physique;MS;1953;174;63309;oui;oui;53-0608A__MS.json.gz;https://branham.fr/files/pdf/53/Demonology_1.pdf
53-0608A;Démonologie, domaine physique;SHP;1953;135;64057;oui;oui;53-0608A__Shp.json.gz;https://branham.fr/files/pdf/53/53-0608A_DEMONOLOGIE_DOMAINE_PHYSIQUE.pdf
53-0608A;Démonologie – Domaine physique;VGR;1953;125;63606;oui;oui;53-0608A__VGR.json.gz;https://branham.fr/files/pdf/53/FRN53-0608a.pdf
53-0608E;Sur ta parole;MS;1953;150;39670;non;oui;53-0608E__MS.json.gz;https://branham.fr/files/pdf/53/At_Thy_Word.pdf
53-0608E;Sur Ta Parole;SHP;1953;125;39942;non;oui;53-0608E__Shp.json.gz;https://branham.fr/files/pdf/53/SHP53-0608E.pdf
53-0609;Démonologie - Domaine religieux;MS;1953;426;116323;oui;oui;53-0609__MS.json.gz;https://branham.fr/files/pdf/53/Demonology_2.pdf
53-0609A;Démonologie, domaine religieux;SHP;1953;315;117864;oui;oui;53-0609A__Shp.json.gz;https://branham.fr/files/pdf/53/53-0609A_DEMONOLOGIE_DOMAINE_RELIGIEUX.pdf
53-0609A;Démonologie – domaine religieux;VGR;1953;281;117186;oui;oui;53-0609A__VGR.json.gz;https://branham.fr/files/pdf/53/FRN53-0609a.pdf
53-0609E;Faites Dans Cette Vallée Des Fosses, Des Fosses;SHP;1953;255;52900;non;oui;53-0609E__Shp.json.gz;https://branham.fr/files/pdf/53/shp53-0609E.pdf
53-0610;Jésus-Christ Est Le Même Hier, Aujourd'hui Et Éternellement;SHP;1953;239;43584;non;oui;53-0610__Shp.json.gz;https://branham.fr/files/pdf/53/shp53-0610.pdf
53-0611;Montre-Nous Le Père Et Cela Nous Suffit;SHP;1953;666;125818;non;oui;53-0611__Shp.json.gz;https://branham.fr/files/pdf/53/shp53-0611.pdf
53-0612;Le Gazam, La Sauterelle, Le Jélek Et Le Hazil;SHP;1953;785;121898;non;oui;53-0612__Shp.json.gz;https://branham.fr/files/pdf/53/shp53-0612.pdf
53-0613;La Voie À Laquelle Dieu A Pourvue;SHP;1953;737;115699;non;oui;53-0613__Shp.json.gz;https://branham.fr/files/pdf/53/shp53-0613.pdf
53-0614;Je vois que Tu es Prophete;SHP;1953;419;62789;non;oui;53-0614__SHP.json.gz;https://branham.fr/files/pdf/53/I_Perceive_You_Are_A_Prophet.pdf
53-0614A;Combattre Ardemment Pour La Foi Qui A Eté Transmise Aux Saints Une Fois Pour Toutes;SHP;1953;418;83318;non;oui;53-0614A__Shp.json.gz;https://branham.fr/files/pdf/53/shp53-0614A.pdf
53-0729;Questions et réponses sur la Genèse;MS;1953;498;114053;non;oui;53-0729__MS.json.gz;https://branham.fr/files/pdf/53/Questions_And_Answers_(Genesis).pdf
53-0729;Questions Et Réponses Sur La Genèse;SHP;1953;351;118902;oui;oui;53-0729__Shp.json.gz;https://branham.fr/files/pdf/53/SHP53-0729.pdf
53-0729;QUESTIONS ET RÉPONSES SUR LA GENÈSE;VGR;1953;346;122352;oui;oui;53-0729__VGR.json.gz;https://branham.fr/files/pdf/53/FRN53-0729.pdf
53-0800;Le Prophète du  20e Siècle;SHP;1953;105;18732;non;oui;53-0800__SHP.json.gz;https://branham.fr/files/pdf/53/The_Twentieth-Century_Prophet.pdf
53-0829;Le Témoignage De Jésus-Christ;SHP;1953;517;76749;non;oui;53-0829__Shp.json.gz;https://branham.fr/files/pdf/53/shp53-0829.pdf
53-0830A;Pourquoi Je Suis Un Saint Exalté;SHP;1953;384;74588;non;oui;53-0830A__Shp.json.gz;https://branham.fr/files/pdf/53/shp53-0830A.pdf
53-0830E;Viens, et vois;SHP;1953;140;48940;non;oui;53-0830E__Shp.json.gz;https://branham.fr/files/pdf/53/53-0830E_VIENS_ET_VOIS.pdf
53-0831;Dieu Parla À Moïse;SHP;1953;435;74336;non;oui;53-0831__Shp.json.gz;https://branham.fr/files/pdf/53/shp53-0831.pdf
53-0901;Seigneur, Je Crois;SHP;1953;308;49025;non;oui;53-0901__Shp.json.gz;https://branham.fr/files/pdf/53/shp53-0901.pdf
53-0902;Le Témoignage;SHP;1953;723;100580;non;oui;53-0902__Shp.json.gz;https://branham.fr/files/pdf/53/shp53-0902.pdf
53-0903;L’Expectative;SHP;1953;327;60181;non;oui;53-0903__Shp.json.gz;https://branham.fr/files/pdf/53/shp53-0903.pdf
53-0904;La Guérison;SHP;1953;433;70566;non;oui;53-0904__Shp.json.gz;https://branham.fr/files/pdf/53/shp53-0904.pdf
53-0905;La Foi Sans Les Oeuvres Est Morte;SHP;1953;496;72973;non;oui;53-0905__Shp.json.gz;https://branham.fr/files/pdf/53/shp53-0905.pdf
53-0906A;Crois-Tu Cela?;SHP;1953;632;101969;non;oui;53-0906A__Shp.json.gz;https://branham.fr/files/pdf/53/shp53-0906A.pdf
53-0906E;Jésus-Christ, Le Vivant;SHP;1953;375;64260;non;oui;53-0906E__Shp.json.gz;https://branham.fr/files/pdf/53/shp53-0906E.pdf
53-0907A;Seigneur, Montre-Nous Le Père, Et Cela Nous Suffit;SHP;1953;588;106502;non;oui;53-0907A__Shp.json.gz;https://branham.fr/files/pdf/53/shp53-0907A.pdf
53-0907E;Une Ligne De Guérison;SHP;1953;242;49923;non;oui;53-0907E__Shp.json.gz;https://branham.fr/files/pdf/53/shp53-0907E.pdf
53-1018;Élie;SHP;1953;372;94351;non;oui;53-1018__Shp.json.gz;https://branham.fr/files/pdf/53/shp53-1018.pdf
53-1100;Ligne De Prière;SHP;1953;120;26594;non;oui;53-1100__Shp.json.gz;https://branham.fr/files/pdf/53/shp53-1100.pdf
53-1103;Prendre Dieu au mot;SHP;1953;120;28629;non;oui;53-1103__SHP.json.gz;https://branham.fr/files/pdf/53/Taking_God_At_His_Word.pdf
53-1104;La Profondeur Appelle La Profondeur;SHP;1953;284;63051;non;oui;53-1104__Shp.json.gz;https://branham.fr/files/pdf/53/shp53-1104.pdf
53-1106;Vous Croyez Maintenant?;SHP;1953;315;79529;non;oui;53-1106__Shp.json.gz;https://branham.fr/files/pdf/53/shp53-1106.pdf
53-1107A;Jésus-Christ Est Le Même Hier, Aujourd’hui Et Éternellement;SHP;1953;137;29711;non;oui;53-1107A__Shp.json.gz;https://branham.fr/files/pdf/53/shp53-1107A.pdf
53-1108A;Histoire De Ma Vie;SHP;1953;574;101525;non;oui;53-1108A__Shp.json.gz;https://branham.fr/files/pdf/53/shp53-1108A.pdf
53-1108E;L’Expectative;SHP;1953;261;59810;non;oui;53-1108E__Shp.json.gz;https://branham.fr/files/pdf/53/shp53-1108E.pdf
53-1109;Comment L’Ange Est Venu Vers Moi;SHP;1953;472;87828;non;oui;53-1109__Shp.json.gz;https://branham.fr/files/pdf/53/shp53-1109.pdf
53-1110;Je Restaurerai;SHP;1953;356;78644;non;oui;53-1110__Shp.json.gz;https://branham.fr/files/pdf/53/shp53-1110.pdf
53-1111;La Préparation;SHP;1953;628;102869;non;oui;53-1111__SHP.json.gz;https://branham.fr/files/pdf/53/Preparation.pdf
53-1112;La Démonologie;SHP;1953;513;91890;non;oui;53-1112__Shp.json.gz;https://branham.fr/files/pdf/53/shp53-1112.pdf
53-1114;Compte Rendu Du Voyage En Afrique;SHP;1953;650;118383;non;oui;53-1114__Shp.json.gz;https://branham.fr/files/pdf/53/shp53-1114.pdf
53-1115E;Un Plus Grand Témoignage;SHP;1953;305;73201;non;oui;53-1115E__Shp.json.gz;https://branham.fr/files/pdf/53/shp53-1115E.pdf
53-1115M;Parle Au Rocher;SHP;1953;481;96920;non;oui;53-1115M__Shp.json.gz;https://branham.fr/files/pdf/53/shp53-1115M.pdf
53-1118;Une Ligne De Prière;SHP;1953;175;27026;non;oui;53-1118__Shp.json.gz;https://branham.fr/files/pdf/53/shp53-1118.pdf
53-1120;La Démonologie;SHP;1953;289;61398;non;oui;53-1120__Shp.json.gz;https://branham.fr/files/pdf/53/shp53-1120.pdf
53-1121;Le Serpent D’Airain;SHP;1953;489;76418;non;oui;53-1121__Shp.json.gz;https://branham.fr/files/pdf/53/shp53-1121.pdf
53-1122;La Résurrection De Lazare;SHP;1953;534;98817;non;oui;53-1122__Shp.json.gz;https://branham.fr/files/pdf/53/shp53-1122.pdf
53-1127;Ligne De Prière;SHP;1953;101;19752;non;oui;53-1127__Shp.json.gz;https://branham.fr/files/pdf/53/shp53-1127.pdf
53-1129A;La Foi Qui A Eté Transmise Aux Saints Une Fois Pour Toutes;SHP;1953;732;147713;non;oui;53-1129A__Shp.json.gz;https://branham.fr/files/pdf/53/shp53-1129A.pdf
53-1129E;Le Témoignage;SHP;1953;489;98822;non;oui;53-1129E__Shp.json.gz;https://branham.fr/files/pdf/53/shp53-1129E.pdf
53-1130;L'Eternel n'a-t-il parlé qu'à Moise ?;SHP;1953;509;80868;non;oui;53-1130__SHP.json.gz;https://branham.fr/files/pdf/53/Has_The_Lord_Spoken_Only_To Moses.pdf
53-1201;La Voie À Laquelle Dieu A Pourvue;SHP;1953;507;98524;non;oui;53-1201__Shp.json.gz;https://branham.fr/files/pdf/53/shp53-1201.pdf
53-1203;Le Témoignage;SHP;1953;536;104369;non;oui;53-1203__Shp.json.gz;https://branham.fr/files/pdf/53/shp53-1203.pdf
53-1204;Sur Ta Parole;SHP;1953;539;91780;non;oui;53-1204__Shp.json.gz;https://branham.fr/files/pdf/53/shp53-1204.pdf
53-1205;La Résurrection;SHP;1953;675;123187;non;oui;53-1205__Shp.json.gz;https://branham.fr/files/pdf/53/shp53-1205.pdf
53-1206A;Histoire De Ma Vie;SHP;1953;106;15170;non;oui;53-1206A__Shp.json.gz;https://branham.fr/files/pdf/53/shp53-1206A.pdf
53-1206E;Vous Croyez Maintenant?;SHP;1953;561;103407;non;oui;53-1206E__Shp.json.gz;https://branham.fr/files/pdf/53/shp53-1206E.pdf
53-1212;L’homme Intérieur;SHP;1953;483;103683;non;oui;53-1212__Shp.json.gz;https://branham.fr/files/pdf/53/shp53-1212.pdf
53-1213E;Les Exploits de la Foi;SHP;1953;531;90351;non;oui;53-1213E__SHP.json.gz;https://branham.fr/files/pdf/53/Exploits_Of_Faith.pdf
53-1213M;Que Pensez-vous de Christ ?;SHP;1953;357;57602;non;oui;53-1213M__SHP.json.gz;https://branham.fr/files/pdf/53/What_Think_Ye_Of_Christ.pdf
54-0103E;Questions et réponses #2;MS;1954;421;111927;non;oui;54-0103E__MS.json.gz;https://branham.fr/files/pdf/54/Questions_And_Answers_2.pdf
54-0103E;Questions Et Réponses #2;SHP;1954;306;112641;oui;non;54-0103E__Shp.json.gz;
54-0103E;Questions Et Réponses n° 2;VGR;1954;454;114842;oui;oui;54-0103E__VGR.json.gz;https://branham.fr/files/pdf/54/FRN54-0103e.pdf
54-0103M;Questions Et Réponses #1;MS;1954;449;114652;non;oui;54-0103M__MS.json.gz;https://branham.fr/files/pdf/54/Questions_And_Answers_1.pdf
54-0103M;Questions Et Réponses #1;SHP;1954;341;115426;non;oui;54-0103M__Shp.json.gz;https://branham.fr/files/pdf/54/54-0103M.pdf
54-0103M;Questions Et Réponses n° 1;VGR;1954;598;114629;oui;oui;54-0103M__VGR.json.gz;https://branham.fr/files/pdf/54/FRN54-0103m.pdf
54-0216;Jaïrus Et La Guérison Divine;SHP;1954;453;99489;non;oui;54-0216__Shp.json.gz;https://branham.fr/files/pdf/54/shp54-0216.pdf
54-0217;Jésus Se Tenant Sur L’autorité De La Parole;SHP;1954;516;84132;non;oui;54-0217__Shp.json.gz;https://branham.fr/files/pdf/54/shp54-0217.pdf
54-0220;L’Expectative;SHP;1954;526;87356;non;oui;54-0220__Shp.json.gz;https://branham.fr/files/pdf/54/shp54-0220.pdf
54-0221;Sur Ta Parole, Seigneur;SHP;1954;379;71896;non;oui;54-0221__Shp.json.gz;https://branham.fr/files/pdf/54/shp54-0221.pdf
54-0228A;L’Expectative;SHP;1954;509;97167;non;oui;54-0228A__Shp.json.gz;https://branham.fr/files/pdf/54/shp54-0228A.pdf
54-0228E;Chercher Jésus;SHP;1954;349;84783;non;oui;54-0228E__Shp.json.gz;https://branham.fr/files/pdf/54/shp54-0228E.pdf
54-0301;L’Ange De L’Alliance;SHP;1954;445;79188;non;oui;54-0301__Shp.json.gz;https://branham.fr/files/pdf/54/shp54-0301.pdf
54-0302;La Résurrection de la fille de Jaïrus;SHP;1954;265;81131;non;oui;54-0302__Shp.json.gz;https://branham.fr/files/pdf/54/54-0302_LA_RESURRECTION_DE_LA_FILLE_DE_JAIRUS.pdf
54-0303;Les Témoins;SHP;1954;406;81920;non;oui;54-0303__Shp.json.gz;https://branham.fr/files/pdf/54/shp54-0303.pdf
54-0304;ELIE ET ELISEE;SHP;1954;325;71426;non;oui;54-0304__SHP.json.gz;https://branham.fr/files/pdf/54/Elijah_And_Elisha.pdf
54-0305;LA VOIE POURVUE PAR DIEU POUR TRAITER LE PECHE;SHP;1954;345;62269;non;oui;54-0305__Shp.json.gz;https://branham.fr/files/pdf/54/Gods_Provided_Way_Of_Dealing_With_Sin.pdf
54-0306;L’ALLIANCE INCONDITIONNELLE;SHP;1954;532;109229;non;oui;54-0306__Shp.json.gz;https://branham.fr/files/pdf/54/The_Unconditional_Covenant.pdf
54-0307;LE TEMPS DE LA FIN;SHP;1954;395;71973;non;oui;54-0307__Shp.json.gz;https://branham.fr/files/pdf/54/The_End_Time.pdf
54-0307E;Vous Croyez Maintenant?;SHP;1954;512;80297;non;oui;54-0307E__Shp.json.gz;https://branham.fr/files/pdf/54/shp54-0307E.pdf
54-0314;Pourquoi Je Prie Pour Les Malades;SHP;1954;523;92566;non;oui;54-0314__Shp.json.gz;https://branham.fr/files/pdf/54/shp54-0314.pdf
54-0320;LA FOI VIENT DE CE QU’ON ENTEND;SHP;1954;445;101310;non;oui;54-0320__Shp.json.gz;https://branham.fr/files/pdf/54/Faith_Cometh_By_Hearing.pdf
54-0321;Que Pensez-Vous Du Christ?;SHP;1954;367;60024;non;oui;54-0321__Shp.json.gz;https://branham.fr/files/pdf/54/shp54-0321.pdf
54-0328;Messieurs, Nous Voudrions Voir Jésus;SHP;1954;320;72351;non;oui;54-0328__Shp.json.gz;https://branham.fr/files/pdf/54/shp54-0328.pdf
54-0329;LA REDEMPTION PAR LA PUISSANCE (LA REDEMPTION PAR LE SANG);SHP;1954;423;85748;non;oui;54-0329__Shp.json.gz;https://branham.fr/files/pdf/54/Redemption_By_Power.pdf
54-0330;La Rédemption Dans Sa Totalité, Dans La Joie;SHP;1954;402;83639;non;oui;54-0330__Shp.json.gz;https://branham.fr/files/pdf/54/shp54-0330.pdf
54-0330;La Rédemption Dans Sa Totalité, Dans La Joie;VGR;1954;251;84460;oui;oui;54-0330__VGR.json.gz;https://branham.fr/files/pdf/54/FRN54-0330.pdf
54-0331;La Résurrection De La Fille De Jaïrus;SHP;1954;285;90619;non;oui;54-0331__Shp.json.gz;https://branham.fr/files/pdf/54/shp54-0331.pdf
54-0401;La Préparation De Dieu;SHP;1954;519;115883;non;oui;54-0401__Shp.json.gz;https://branham.fr/files/pdf/54/shp54-0401.pdf
54-0402;Aveugle Bartimée;SHP;1954;232;65883;non;oui;54-0402__Shp.json.gz;https://branham.fr/files/pdf/54/shp54-0402.pdf
54-0403;La Main De l’Éternel Fut Sur Élisée;SHP;1954;431;85603;non;oui;54-0403__Shp.json.gz;https://branham.fr/files/pdf/54/shp54-0403.pdf
54-0404E;Dieu A Une Voie À Laquelle Il A Pourvue;SHP;1954;479;92416;non;oui;54-0404E__Shp.json.gz;https://branham.fr/files/pdf/54/shp54-0404E.pdf
54-0404M;Combattre Ardemment Pour La Foi;SHP;1954;365;96481;non;oui;54-0404M__Shp.json.gz;https://branham.fr/files/pdf/54/shp54-0404M.pdf
54-0411;Ta Foi T’a Sauvé;SHP;1954;166;38189;non;oui;54-0411__Shp.json.gz;https://branham.fr/files/pdf/54/shp54-0411.pdf
54-0509;Invasion des Etats-Unis;MS;1954;395;89579;oui;oui;54-0509__MS.json.gz;https://branham.fr/files/pdf/54/The_Invasion_Of_The_United_States.pdf
54-0509;Invasion des Etats-Unis;SHP;1954;451;98736;non;oui;54-0509__Shp.json.gz;https://branham.fr/files/pdf/54/shp54-0509.pdf
54-0509;L’Invasion des Etats-Unis;VGR;1954;284;100541;oui;oui;54-0509__VGR.json.gz;https://branham.fr/files/pdf/54/FRN54-0509.pdf
54-0512;LES SEPT AGES DE L'EGLISE;SHP;1954;502;98532;non;oui;54-0512__Shp.json.gz;https://branham.fr/files/pdf/54/The_Seven_Church_Ages.pdf
54-0513;La Marque De La Bête;MS;1954;516;107726;oui;oui;54-0513__MS.json.gz;https://branham.fr/files/pdf/54/The_Mark_Of_The_Beast.pdf
54-0513;La Marque De La Bête;SHP;1954;396;108350;oui;oui;54-0513__Shp.json.gz;https://branham.fr/files/pdf/54/SHP54-0513.pdf
54-0513;La Marque De La Bête;VGR;1954;377;108057;oui;oui;54-0513__VGR.json.gz;https://branham.fr/files/pdf/54/FRN54-0513.pdf
54-0514;LE SCEAU DE DIEU;SHP;1954;569;121484;non;oui;54-0514__Shp.json.gz;https://branham.fr/files/pdf/54/The_Seal_Of_God.pdf
54-0515;QUESTIONS ET REPONSES (SUR L’IMAGE DE LA BETE);SHP;1954;754;149537;non;oui;54-0515__Shp.json.gz;https://branham.fr/files/pdf/54/Questions_And_Answers.pdf
54-0515;QUESTIONS ET RÉPONSES;VGR;1954;739;153676;non;oui;54-0515__VGR.json.gz;https://branham.fr/files/pdf/54/FRN54-0515.pdf
54-0516;Questions Et Réponses;SHP;1954;526;121346;non;oui;54-0516__Shp.json.gz;https://branham.fr/files/pdf/54/shp54-0516.pdf
54-0619;Une Ligne De Prière;SHP;1954;258;51283;non;oui;54-0619__Shp.json.gz;https://branham.fr/files/pdf/54/shp54-0619.pdf
54-0620;Je Restaurerai;SHP;1954;261;62189;non;oui;54-0620__SHP.json.gz;https://branham.fr/files/pdf/54/I_Will_Restore.pdf
54-0620E;La Guérison Divine;SHP;1954;443;103713;non;oui;54-0620E__Shp.json.gz;https://branham.fr/files/pdf/54/shp54-0620E.pdf
54-0624;La profondeur appelle la profondeur;MS;1954;219;56496;non;oui;54-0624__MS.json.gz;https://branham.fr/files/pdf/54/The_Deep_Calleth_To_The_Deep.pdf
54-0624;La Profondeur Appelle La Profondeur;SHP;1954;140;59810;non;oui;54-0624__Shp.json.gz;https://branham.fr/files/pdf/54/SHP54-0624.pdf
54-0718A;Le Grand Réveil Imminent Et L’effusion Du Saint-Esprit;SHP;1954;263;68439;non;oui;54-0718A__Shp.json.gz;https://branham.fr/files/pdf/54/shp54-0718A.pdf
54-0718E;Voir Jésus;SHP;1954;370;83548;non;oui;54-0718E__Shp.json.gz;https://branham.fr/files/pdf/54/shp54-0718E.pdf
54-0719A;La Voie À Laquelle Dieu A Pourvue Pour La Guérison;SHP;1954;364;84610;non;oui;54-0719A__Shp.json.gz;https://branham.fr/files/pdf/54/shp54-0719A.pdf
54-0719E;Dieu A Pourvu À La Guérison Pour Cette Génération;SHP;1954;330;87214;non;oui;54-0719E__Shp.json.gz;https://branham.fr/files/pdf/54/shp54-0719E.pdf
54-0720A;Le Fou De Gadara;SHP;1954;301;92336;non;oui;54-0720A__Shp.json.gz;https://branham.fr/files/pdf/54/SHP54-0720A.pdf
54-0720E;C’est Moi, N’ayez Pas Peur!;SHP;1954;290;58335;non;oui;54-0720E__Shp.json.gz;https://branham.fr/files/pdf/54/shp54-0720E.pdf
54-0721;Ayez bon courage;SHP;1954;174;45359;non;oui;54-0721__SHP.json.gz;https://branham.fr/files/pdf/54/Be_Of_Good_Cheer.pdf
54-0722;FAITES TOUT CE QU'IL VOUS DIRA;SHP;1954;343;74005;non;oui;54-0722__Shp.json.gz;https://branham.fr/files/pdf/54/Whatever_He_Saith_Unto_You,_Do_it.pdf
54-0723;LE PROPHETE ELISEE;SHP;1954;365;89955;non;oui;54-0723__Shp.json.gz;https://branham.fr/files/pdf/54/The_Prophet_Elisha.pdf
54-0724;Une Expérience Personnelle Avec Dieu;SHP;1954;319;80959;non;oui;54-0724__Shp.json.gz;https://branham.fr/files/pdf/54/shp54-0724.pdf
54-0725;Vous Croyez Maintenant?;SHP;1954;225;49854;non;oui;54-0725__Shp.json.gz;https://branham.fr/files/pdf/54/shp54-0725.pdf
54-0803;Jaïrus;SHP;1954;140;30754;non;oui;54-0803__Shp.json.gz;https://branham.fr/files/pdf/54/shp54-0803.pdf
54-0804;Siméon;SHP;1954;202;41614;non;oui;54-0804__Shp.json.gz;https://branham.fr/files/pdf/54/shp54-0804.pdf
54-0809A;JE RESTAURERAI;SHP;1954;248;59609;non;oui;54-0809A__Shp.json.gz;https://branham.fr/files/pdf/54/I_Will_Restore_Unto_You,_Saith_The_Lord.pdf
54-0809E;LA MANIFESTATION DE TA RESURRECTION AUX GENS D'AUJOURD'HUI;SHP;1954;240;52577;non;oui;54-0809E__Shp.json.gz;https://branham.fr/files/pdf/54/The_Manifestation_Of_Thy_Resurrection_To_The_People_Of_This_Day.pdf
54-0810;UNE LIGNE DE PRIÈRE;SHP;1954;108;20104;non;oui;54-0810__Shp.json.gz;https://branham.fr/files/pdf/54/Prayer_Line.pdf
54-0811;Montre-Nous Le Père;SHP;1954;348;67112;non;oui;54-0811__Shp.json.gz;https://branham.fr/files/pdf/54/shp54-0811.pdf
54-0812;Ligne De Prière;SHP;1954;91;19552;non;oui;54-0812__Shp.json.gz;https://branham.fr/files/pdf/54/shp54-0812.pdf
54-0813;Jésus-Christ Est Le Même Hier, Aujourd’hui, Et Éternellement;SHP;1954;314;48430;non;oui;54-0813__Shp.json.gz;https://branham.fr/files/pdf/54/shp54-0813.pdf
54-0814;L’Alliance Inconditionnelle Que Dieu A Traitée Avec Le Peuple;SHP;1954;371;75392;non;oui;54-0814__Shp.json.gz;https://branham.fr/files/pdf/54/shp54-0814.pdf
54-0824;Jésus-Christ Est Le Même Hier, Aujourd’hui Et Eternellement;SHP;1954;241;53892;non;oui;54-0824__Shp.json.gz;https://branham.fr/files/pdf/54/shp54-0824.pdf
54-0825;Nous L'avons trouvé;MS;1954;156;40543;non;oui;54-0825__MS.json.gz;https://branham.fr/files/pdf/54/We_Have_Found_Him.pdf
54-0825;Nous L'avons Trouvé (Jésus-Christ, Le Même Hier, Aujourdhui Et Éternellement);SHP;1954;198;40763;non;oui;54-0825__Shp.json.gz;https://branham.fr/files/pdf/54/shp54-0825.pdf
54-0829A;Je Vous Restaurerai, Dit L’Éternel;SHP;1954;527;99030;non;oui;54-0829A__Shp.json.gz;https://branham.fr/files/pdf/54/shp54-0829A.pdf
54-0829E;Jésus-Christ Est Le Même Hier, Aujourd’hui Et Éternellement;SHP;1954;119;21592;non;oui;54-0829E__Shp.json.gz;https://branham.fr/files/pdf/54/shp54-0829E.pdf
54-0900;Ayez Foi En Dieu;SHP;1954;261;61005;non;oui;54-0900__Shp.json.gz;https://branham.fr/files/pdf/54/shp54-0900.pdf
54-0902;Témoignage Sur l’Afrique Du Sud;SHP;1954;475;93623;non;oui;54-0902__Shp.json.gz;https://branham.fr/files/pdf/54/shp54-0902.pdf
54-1003E;Année du jubilé;MS;1954;322;79139;oui;oui;54-1003E__MS.json.gz;https://branham.fr/files/pdf/54/Jubilee_Year.pdf
54-1003E;L'Année De Jubilé;SHP;1954;241;83509;oui;oui;54-1003E__Shp.json.gz;https://branham.fr/files/pdf/54/SHP54-1003E.pdf
54-1003M;La parole faite chair;MS;1954;409;99779;non;oui;54-1003M__MS.json.gz;https://branham.fr/files/pdf/54/The_Word_Became_Flesh_(India_Trip_Report).pdf
54-1003M;La Parole Faite Chair;SHP;1954;341;108546;oui;oui;54-1003M__Shp.json.gz;https://branham.fr/files/pdf/54/SHP54-1003M.pdf
54-1006;Loi ou grâce;MS;1954;278;73058;oui;oui;54-1006__MS.json.gz;https://branham.fr/files/pdf/54/Law_Or_Grace.pdf
54-1006;La Loi Ou La Grace;SHP;1954;235;82124;non;oui;54-1006__Shp.json.gz;https://branham.fr/files/pdf/54/SHP54-1006.pdf
54-1024;Le péché impardonnable;MS;1954;400;100224;non;oui;54-1024__MS.json.gz;https://branham.fr/files/pdf/54/The_Unpardonable_Sin.pdf
54-1024;Le Péché Impardonnable;SHP;1954;315;108577;non;oui;54-1024__Shp.json.gz;https://branham.fr/files/pdf/54/SHP54-1024.pdf
54-1114;La Rédemption Par Le Jugement;SHP;1954;348;77676;non;oui;54-1114__Shp.json.gz;https://branham.fr/files/pdf/54/shp54-1114.pdf
54-1203;La Loi Qui Possède Une Ombre;SHP;1954;342;83591;non;oui;54-1203__Shp.json.gz;https://branham.fr/files/pdf/54/The_Law_Having_A_Shadow.pdf
54-1204;Dieu amène son église à la perfection;SHP;1954;487;102508;non;oui;54-1204__SHP.json.gz;https://branham.fr/files/pdf/54/God_Perfecting_His_Church.pdf
54-1205;Nous Voudrions Voir Jésus;SHP;1954;398;84841;non;oui;54-1205__Shp.json.gz;https://branham.fr/files/pdf/54/shp54-1205.pdf
54-1206;L’Expectative;SHP;1954;549;99865;non;oui;54-1206__Shp.json.gz;https://branham.fr/files/pdf/54/shp54-1206.pdf
54-1207;Sur Ta Parole, Seigneur, Je Jetterai Le Filet;SHP;1954;577;108919;non;oui;54-1207__Shp.json.gz;https://branham.fr/files/pdf/54/shp54-1207.pdf
54-1212;Il Jura Par Lui-Même;SHP;1954;582;113823;non;oui;54-1212__Shp.json.gz;https://branham.fr/files/pdf/54/shp54-1212.pdf
54-1219E;Les Actes du Saint Esprit;MS;1954;354;68902;non;oui;54-1219E__MS.json.gz;https://branham.fr/files/pdf/54/Acts_Of_The_Holy_Spirit.pdf
54-1219E;Les Actes Du Saint-Esprit;SHP;1954;245;73472;non;oui;54-1219E__Shp.json.gz;https://branham.fr/files/pdf/54/SHP54-1219E.pdf
54-1219M;La Guérison Divine;SHP;1954;609;114681;non;oui;54-1219M__Shp.json.gz;https://branham.fr/files/pdf/54/shp54-1219M.pdf
54-1231;La Vie Eternelle Et Comment La Recevoir;SHP;1954;288;75245;oui;oui;54-1231__Shp.json.gz;https://branham.fr/files/pdf/54/SHP54-1231.pdf
55-0109E;Le début et la fin de la dispensation des gentils;MS;1955;259;52870;non;oui;55-0109E__MS.json.gz;https://branham.fr/files/pdf/55/Beginning_And_Ending_Of_The_Gentile_Dispensation.pdf
55-0109E;Le Début Et La Fin De La Dispensation Des Gentils;SHP;1955;209;52986;non;oui;55-0109E__Shp.json.gz;https://branham.fr/files/pdf/55/SHP55-0109E.pdf
55-0109M;Melchisédek le grand prince;MS;1955;367;71323;non;oui;55-0109M__MS.json.gz;https://branham.fr/files/pdf/55/Melchisedec_The_Great_Prince_And_King.pdf
55-0109M;Melchisédek, le grand prince et roi;SHP;1955;275;73617;non;oui;55-0109M__Shp.json.gz;https://branham.fr/files/pdf/55/55-0109M_MELCHISEDEK_LE_GRAND_PRINCE_ET_ROI.pdf
55-0113;LE FONDEMENT FONDAMENTAL POUR LA FOI;SHP;1955;360;82528;non;oui;55-0113__Shp.json.gz;https://branham.fr/files/pdf/55/The_Fundamental_Foundation_For_Faith.pdf
55-0114;Docteur Moïse;MS;1955;160;42890;non;oui;55-0114__MS.json.gz;https://branham.fr/files/pdf/55/Doctor_Moses.pdf
55-0114;Docteur Moïse;SHP;1955;188;43178;non;oui;55-0114__Shp.json.gz;https://branham.fr/files/pdf/55/shp55-0114.pdf
55-0115;La Loi;SHP;1955;295;69437;non;oui;55-0115__Shp.json.gz;https://branham.fr/files/pdf/55/shp55-0115.pdf
55-0116A;Notre position en Christ;MS;1955;189;42843;oui;oui;55-0116A__MS.json.gz;https://branham.fr/files/pdf/55/Position_In_Christ.pdf
55-0116A;Notre position en Christ;SHP;1955;152;42978;oui;oui;55-0116A__Shp.json.gz;https://branham.fr/files/pdf/55/55-0116A_NOTRE_POSITION_EN_CHRIST.pdf
55-0116E;Jésus-Christ Est Le Même Hier, Aujourd'hui Et Eternellement;SHP;1955;399;69804;non;oui;55-0116E__Shp.json.gz;https://branham.fr/files/pdf/55/shp55-0116E.pdf
55-0117;Comment l’Ange Est Venu À Moi, Et Sa Commission;MS;1955;364;108420;oui;oui;55-0117__MS.json.gz;https://branham.fr/files/pdf/55/How_The_Angel_Came_To_Me_And_His_Commission.pdf
55-0117;Comment L’ange Vint Vers Moi, Et Sa Commission;SHP;1955;691;107806;non;oui;55-0117__Shp.json.gz;https://branham.fr/files/pdf/55/shp55-0117.pdf
55-0117;Comment l'Ange Est Venu À Moi Et Sa Commission;VGR;1955;325;109559;oui;oui;55-0117__VGR.json.gz;https://branham.fr/files/pdf/55/FRN55-0117.pdf
55-0118;David le vaillant guerrier;MS;1955;251;72908;non;oui;55-0118__MS.json.gz;https://branham.fr/files/pdf/55/The_Great_Warrior_David.pdf
55-0118;David, Le Vaillant Guerrier (Elu, Appelé, Oint Et Placé);SHP;1955;329;73547;non;oui;55-0118__Shp.json.gz;https://branham.fr/files/pdf/55/shp55-0118.pdf
55-0119;Josué, ce vaillant guerrier;SHP;1955;141;59957;non;oui;55-0119__Shp.json.gz;https://branham.fr/files/pdf/55/SHP55-0119.pdf
55-0120;LES 7 NOMS COMPOSES DE JEHOVAH;SHP;1955;480;108746;non;oui;55-0120__Shp.json.gz;https://branham.fr/files/pdf/55/The_Seven_Compound_Names_Of_Jehovah.pdf
55-0121;LES EAUX DE SEPARATION  (La mort apporte la vie);SHP;1955;247;54330;non;oui;55-0121__Shp.json.gz;https://branham.fr/files/pdf/55/The_Water_Of_Separation.pdf
55-0122;Moïse le grand serviteur;MS;1955;168;48167;non;oui;55-0122__MS.json.gz;https://branham.fr/files/pdf/55/The_Great_Servant_Moses.pdf
55-0122;Moise, Le Grand Serviteur;SHP;1955;142;48757;non;oui;55-0122__Shp.json.gz;https://branham.fr/files/pdf/55/SHP55-0122.pdf
55-0123A;L'Approche Vers Dieu (L'Approche Divine);SHP;1955;182;79092;non;oui;55-0123A__Shp.json.gz;https://branham.fr/files/pdf/55/shp55-0123A.pdf
55-0123E;Combattre  Ardemment Pour La Foi;SHP;1955;402;76090;non;oui;55-0123E__Shp.json.gz;https://branham.fr/files/pdf/55/shp55-0123E.pdf
55-0220A;La Seconde Venue;SHP;1955;335;81049;non;oui;55-0220A__Shp.json.gz;https://branham.fr/files/pdf/55/shp55-0220A.pdf
55-0220E;Combattre Pour La Foi;SHP;1955;456;93513;non;oui;55-0220E__Shp.json.gz;https://branham.fr/files/pdf/55/shp55-0220E.pdf
55-0221;Christ;SHP;1955;422;88795;non;oui;55-0221__Shp.json.gz;https://branham.fr/files/pdf/55/shp55-0221.pdf
55-0222;Jéhovah-Jiré;SHP;1955;406;83707;non;oui;55-0222__Shp.json.gz;https://branham.fr/files/pdf/55/shp55-0222.pdf
55-0223;JOB, SERVITEUR DE DIEU;SHP;1955;445;105102;non;non;55-0223__Shp.json.gz;
55-0224;L'EAU DU ROCHER;SHP;1955;317;67084;non;oui;55-0224__Shp.json.gz;https://branham.fr/files/pdf/55/Water_From_The_Rock.pdf
55-0225;JESUS GLORIFIE;SHP;1955;357;89401;non;oui;55-0225__Shp.json.gz;https://branham.fr/files/pdf/55/Glorified_Jesus.pdf
55-0227A;La Position D'un Croyant En Christ;SHP;1955;372;77732;non;oui;55-0227A__Shp.json.gz;https://branham.fr/files/pdf/55/shp55-0227A.pdf
55-0227E;La  Guérison De La Fille De Jaïrus;SHP;1955;532;116613;non;oui;55-0227E__Shp.json.gz;https://branham.fr/files/pdf/55/shp55-0227E.pdf
55-0228;La Séparation D’avec L’Incrédulité;SHP;1955;510;101811;non;oui;55-0228__Shp.json.gz;https://branham.fr/files/pdf/55/shp55-0228.pdf
55-0301;ELIE  (ELISEE ET LA SUNAMITE);SHP;1955;509;112173;non;oui;55-0301__Shp.json.gz;https://branham.fr/files/pdf/55/Elijah.pdf
55-0302;Le  Rideau Du Temps;SHP;1955;561;111429;non;oui;55-0302__Shp.json.gz;https://branham.fr/files/pdf/55/shp55-0302.pdf
55-0311;Le Sceau de l’antichrist;MS;1955;321;96366;non;oui;55-0311__MS.json.gz;https://branham.fr/files/pdf/55/The_Seal_Of_Antichrist.pdf
55-0311;Le Sceau De L'Antichrist (La Marque De L'Antichrist);SHP;1955;236;96840;non;oui;55-0311__Shp.json.gz;https://branham.fr/files/pdf/55/SHP55-0311.pdf
55-0312;La Marque de Christ;MS;1955;218;69209;non;oui;55-0312__MS.json.gz;https://branham.fr/files/pdf/55/The_Mark_Of_Christ.pdf
55-0312;La Marque De Christ;SHP;1955;162;69687;non;oui;55-0312__Shp.json.gz;https://branham.fr/files/pdf/55/SHP55-0312.pdf
55-0400;L’Aveugle Bartimée;SHP;1955;175;37888;non;oui;55-0400__Shp.json.gz;https://branham.fr/files/pdf/55/shp55-0400.pdf
55-0403;La communion par la rédemption;MS;1955;452;107214;oui;oui;55-0403__MS.json.gz;https://branham.fr/files/pdf/55/Fellowship_By_Redemption.pdf
55-0403;La Communion Par La Rédemption;SHP;1955;467;112400;oui;oui;55-0403__Shp.json.gz;https://branham.fr/files/pdf/55/shp55-0403.pdf
55-0410E;Une Prière;SHP;1955;12;2638;non;oui;55-0410E__Shp.json.gz;https://branham.fr/files/pdf/55/shp55-0410E.pdf
55-0410M;LA PREUVE DE SA RESURRECTION;SHP;1955;565;109800;non;oui;55-0410M__Shp.json.gz;https://branham.fr/files/pdf/55/Proof_Of_His_Resurrection.pdf
55-0410S;Mon Rédempteur Est Vivant;SHP;1955;301;59587;non;oui;55-0410S__Shp.json.gz;https://branham.fr/files/pdf/55/shp55-0410S.pdf
55-0501A;La Communion;SHP;1955;282;76723;non;oui;55-0501A__Shp.json.gz;https://branham.fr/files/pdf/55/shp55-0501A.pdf
55-0501E;La Foi Transmise Aux Saints Une Fois Pour Toutes;SHP;1955;208;90278;non;oui;55-0501E__Shp.json.gz;https://branham.fr/files/pdf/55/SHP55-0501E.pdf
55-0522;Arche;MS;1955;260;70676;oui;oui;55-0522__MS.json.gz;https://branham.fr/files/pdf/55/The_Ark.pdf
55-0522;L'Arche, Un Type De Christ;SHP;1955;378;78451;oui;oui;55-0522__Shp.json.gz;https://branham.fr/files/pdf/55/shp55-0522.pdf
55-0603;Jésus-Christ Est Le Même Hier, Aujourd’hui Et Eternellement;SHP;1955;348;70452;non;oui;55-0603__Shp.json.gz;https://branham.fr/files/pdf/55/shp55-0603.pdf
55-0604;Jaïrus, Le Croyant En Secret;SHP;1955;516;99181;non;oui;55-0604__Shp.json.gz;https://branham.fr/files/pdf/55/shp55-0604.pdf
55-0605;La Communion Par La Réconciliation Du Sang;SHP;1955;320;68601;non;oui;55-0605__Shp.json.gz;https://branham.fr/files/pdf/55/shp55-0605.pdf
55-0606;LES EAUX DE SEPARATION;SHP;1955;295;77683;non;oui;55-0606__Shp.json.gz;https://branham.fr/files/pdf/55/The_Waters_Of_Separation.pdf
55-0607;La  Vraie Vigne Et La Fausse Vigne;SHP;1955;501;110826;non;oui;55-0607__Shp.json.gz;https://branham.fr/files/pdf/55/shp55-0607.pdf
55-0608;Abraham;SHP;1955;563;109309;non;oui;55-0608__Shp.json.gz;https://branham.fr/files/pdf/55/shp55-0608.pdf
55-0609;UN TEMOIGNAGE PLUS GRAND QUE CELUI DE JEAN;SHP;1955;301;63278;non;oui;55-0609__Shp.json.gz;https://branham.fr/files/pdf/55/A_Greater_Witness_Than_John.pdf
55-0610;Vous Croyez Maintenant;SHP;1955;258;60543;non;oui;55-0610__Shp.json.gz;https://branham.fr/files/pdf/55/shp55-0610.pdf
55-0611;Qu'y a-t-il Dans Ta Main?;SHP;1955;572;111398;non;oui;55-0611__Shp.json.gz;https://branham.fr/files/pdf/55/shp55-0611.pdf
55-0612;La Présence Du Seigneur Jésus;SHP;1955;694;129124;non;oui;55-0612__Shp.json.gz;https://branham.fr/files/pdf/55/shp55-0612.pdf
55-0620;Combattre Pour La Foi;SHP;1955;75;34382;non;oui;55-0620__Shp.json.gz;https://branham.fr/files/pdf/55/SHP55-0620.pdf
55-0621;Le Noble Romain;SHP;1955;149;41517;non;oui;55-0621__Shp.json.gz;https://branham.fr/files/pdf/55/SHP55-0621.pdf
55-0624;Abraham;SHP;1955;85;17503;non;oui;55-0624__SHP.json.gz;https://branham.fr/files/pdf/55/Abraham.pdf
55-0625;Montre-Nous Le Père, Et Cela Nous Suffit;SHP;1955;249;50949;non;oui;55-0625__Shp.json.gz;https://branham.fr/files/pdf/55/shp55-0625.pdf
55-0626A;Histoire de ma vie;MS;1955;145;38610;non;oui;55-0626A__MS.json.gz;https://branham.fr/files/pdf/55/Life_Story.pdf
55-0626A;L'Histoire De Ma Vie;SHP;1955;36;14214;non;oui;55-0626A__Shp.json.gz;https://branham.fr/files/pdf/55/SHP55-0626A.pdf
55-0626E;Je Restaurerai;SHP;1955;130;43080;non;oui;55-0626E__Shp.json.gz;https://branham.fr/files/pdf/55/SHP55-0626E.pdf
55-0724;Les Esprits Séducteurs;MS;1955;403;107453;oui;oui;55-0724__MS.json.gz;https://branham.fr/files/pdf/55/Enticing_Spirits.pdf
55-0724;Les Esprits Séducteurs;SHP;1955;302;107845;non;oui;55-0724__Shp.json.gz;https://branham.fr/files/pdf/55/SHP55-0724.pdf
55-0724;Les Esprits Séducteurs;VGR;1955;304;107978;oui;oui;55-0724__VGR.json.gz;https://branham.fr/files/pdf/55/FRN55-0724.pdf
55-0731;Le Son Confus;SHP;1955;465;91298;non;oui;55-0731__Shp.json.gz;https://branham.fr/files/pdf/55/shp55-0731.pdf
55-0806;JESUS-CHRIST EST LE MEME HIER, AUJOURD'HUI ET ETERNELLEMENT;SHP;1955;467;115119;non;oui;55-0806__Shp.json.gz;https://branham.fr/files/pdf/55/Jesus-Christ_The_Same_Yesterday,_Today,_And_Forever.pdf
55-0807A;L'ORGUEIL  (Jésus mal accueilli);SHP;1955;310;88281;non;oui;55-0807A__Shp.json.gz;https://branham.fr/files/pdf/55/Pride.pdf
55-0807E;La Conduite De L’Esprit De Dieu;SHP;1955;454;90415;non;oui;55-0807E__Shp.json.gz;https://branham.fr/files/pdf/55/shp55-0807E.pdf
55-0813;La Communion Fraternelle;SHP;1955;92;48014;non;oui;55-0813__Shp.json.gz;https://branham.fr/files/pdf/55/SHP55-0813.pdf
55-0815;Combattre ardemment;MS;1955;204;51944;non;oui;55-0815__MS.json.gz;https://branham.fr/files/pdf/55/Earnestly_Contending_For_The Faith_That_Was_Once_Delivered_To_The_Saints.pdf
55-0815;Combattre Ardemment;SHP;1955;122;52143;non;oui;55-0815__Shp.json.gz;https://branham.fr/files/pdf/55/SHP55-0815.pdf
55-0817;Jéhovah Jiré;MS;1955;68;26821;non;oui;55-0817__MS.json.gz;https://branham.fr/files/pdf/55/Jehovah-Jireh.pdf
55-0817;Jehovah Jiré;SHP;1955;46;27069;non;oui;55-0817__Shp.json.gz;https://branham.fr/files/pdf/55/SHP55-0817.pdf
55-0818;Aveugle Bartimée;MS;1955;196;42425;non;oui;55-0818__MS.json.gz;https://branham.fr/files/pdf/55/Blind_Bartimaeus.pdf
55-0818;L'Aveugle Bartimée;SHP;1955;126;42656;non;oui;55-0818__Shp.json.gz;https://branham.fr/files/pdf/55/SHP55-0818.pdf
55-0819;Conduit Par Le Saint-Esprit;SHP;1955;105;56367;non;oui;55-0819__Shp.json.gz;https://branham.fr/files/pdf/55/SHP55-0819.pdf
55-0826;William Branham prêche;MS;1955;159;36204;non;oui;55-0826__MS.json.gz;https://branham.fr/files/pdf/55/William_Branham_Speaks.pdf
55-0826;William Branham Prêche;SHP;1955;104;36341;non;oui;55-0826__Shp.json.gz;https://branham.fr/files/pdf/55/SHP55-0826.pdf
55-0826;Le même Jésus ce soir;VGR;1955;105;37953;non;oui;55-0826__Vgr.json.gz;https://branham.fr/files/pdf/55/FRN55-0826.pdf
55-0828A;Christ N’Est Pas Le Bienvenu;SHP;1955;273;52431;non;oui;55-0828A__Shp.json.gz;https://branham.fr/files/pdf/55/shp55-0828A.pdf
55-0828A;Le Christ sans bienvenue;VGR;1955;111;52400;non;oui;55-0828A__Vgr.json.gz;https://branham.fr/files/pdf/55/FRN55-0828A.pdf
55-0828E;Monsieur, Nous Voudrions Voir Jésus;SHP;1955;318;55851;non;oui;55-0828E__Shp.json.gz;https://branham.fr/files/pdf/55/shp55-0828E.pdf
55-0828E;Monsieur, nous voudrions voir Jésus;VGR;1955;165;53489;non;oui;55-0828E__Vgr.json.gz;https://branham.fr/files/pdf/55/FRN55-0828E.pdf
55-0911;Christ N’est Pas Le Bienvenu;SHP;1955;663;122708;non;oui;55-0911__Shp.json.gz;https://branham.fr/files/pdf/55/shp55-0911.pdf
55-0930;Une Ligne De Prière;SHP;1955;155;23002;non;oui;55-0930__Shp.json.gz;https://branham.fr/files/pdf/55/shp55-0930.pdf
55-1001;Expectative;SHP;1955;641;134515;non;oui;55-1001__Shp.json.gz;https://branham.fr/files/pdf/55/shp55-1001.pdf
55-1002;Le Christ n’est pas le bienvenu;MS;1955;229;61906;non;oui;55-1002__MS.json.gz;https://branham.fr/files/pdf/55/The_Unwelcomed_Christ.pdf
55-1002;Le Christ N'est Pas Le Bienvenu;SHP;1955;168;62368;non;oui;55-1002__Shp.json.gz;https://branham.fr/files/pdf/55/SHP55-1002.pdf
55-1003;La foi en action;MS;1955;310;92045;non;oui;55-1003__MS.json.gz;https://branham.fr/files/pdf/55/Faith_In_Action.pdf
55-1003;La Foi En Action;SHP;1955;223;92759;non;oui;55-1003__Shp.json.gz;https://branham.fr/files/pdf/55/SHP55-1003.pdf
55-1004;Venez et plaidons;MS;1955;516;100068;non;oui;55-1004__MS.json.gz;https://branham.fr/files/pdf/55/Come_Let_Us_Reason_Together.pdf
55-1004;Venez Et Plaidons (Les Dons Et Les Appels Sont Sans Repentance);SHP;1955;293;101056;non;oui;55-1004__Shp.json.gz;https://branham.fr/files/pdf/55/SHP55-1004.pdf
55-1005;Le Livre d’Exode, Première partie;MS;1955;134;57340;non;oui;55-1005__MS.json.gz;https://branham.fr/files/pdf/55/The_Book_Of_Exodus_1.pdf
55-1005;Le Livre D'Exode, 1ère Partie (Exode, Livre De Rédemption) (La Puissance de Démon);SHP;1955;190;57526;non;oui;55-1005__Shp.json.gz;https://branham.fr/files/pdf/55/shp55-1005.pdf
55-1006A;Une vie cachée;MS;1955;137;49902;non;oui;55-1006A__MS.json.gz;https://branham.fr/files/pdf/55/A_Hidden_Life.pdf
55-1006A;Une Vie cachée;SHP;1955;94;50183;non;oui;55-1006A__Shp.json.gz;https://branham.fr/files/pdf/55/55-1006A_UNE_VIE_CACHEE.pdf
55-1006E;Le Livre d’Exode, Deuxième partie;MS;1955;395;94973;non;oui;55-1006E__MS.json.gz;https://branham.fr/files/pdf/55/The_Book_Of_Exodus_2.pdf
55-1006E;Le Livre D'Exode, 2e Partie  (Exode, La Colonne De Feu);SHP;1955;262;95816;non;oui;55-1006E__Shp.json.gz;https://branham.fr/files/pdf/55/SHP55-1006E.pdf
55-1007;La Puissance de la décision;MS;1955;365;105508;non;oui;55-1007__MS.json.gz;https://branham.fr/files/pdf/55/The_Power_Of_Decision.pdf
55-1007;La Puissance De La Décision;SHP;1955;272;105990;non;oui;55-1007__Shp.json.gz;https://branham.fr/files/pdf/55/SHP55-1007.pdf
55-1008;Le Résultat de la Décision;MS;1955;515;121531;non;oui;55-1008__MS.json.gz;https://branham.fr/files/pdf/55/Results_Of_Decision.pdf
55-1008;Les Résultats De La Décision;SHP;1955;369;122237;non;oui;55-1008__Shp.json.gz;https://branham.fr/files/pdf/55/SHP55-1008.pdf
55-1009;Comment communier;MS;1955;273;89058;non;oui;55-1009__MS.json.gz;https://branham.fr/files/pdf/55/The_Way_To_Have_Fellowship.pdf
55-1009;Comment Communier (La Communion Avec Dieu);SHP;1955;177;89625;non;oui;55-1009__Shp.json.gz;https://branham.fr/files/pdf/55/SHP55-1009.pdf
55-1110;Une Vie Cachée En Christ;SHP;1955;362;77853;non;oui;55-1110__Shp.json.gz;https://branham.fr/files/pdf/55/shp55-1110.pdf
55-1111;Là où, je pense, les pentecôtistes ont failli;MS;1955;356;112920;non;oui;55-1111__MS.json.gz;https://branham.fr/files/pdf/55/Where_I_Think_Pentecost_Failed.pdf
55-1111;Là Où, Je Pense, Les Pentecôtistes Ont Failli;SHP;1955;462;112937;non;oui;55-1111__Shp.json.gz;https://branham.fr/files/pdf/55/shp55-1111.pdf
55-1113;Jésus-Christ Est Le Même Hier, Aujourd’hui Et Eternellement;SHP;1955;627;103673;non;oui;55-1113__Shp.json.gz;https://branham.fr/files/pdf/55/shp55-1113.pdf
55-1114;Puis Jésus Vint À L’Heure La Plus Sombre;SHP;1955;604;101345;non;oui;55-1114__Shp.json.gz;https://branham.fr/files/pdf/55/shp55-1114.pdf
55-1115;L’Aveugle Bartimée;SHP;1955;549;97832;non;oui;55-1115__Shp.json.gz;https://branham.fr/files/pdf/55/shp55-1115.pdf
55-1116;L’Appel d’Abraham;SHP;1955;425;81417;non;oui;55-1116__Shp.json.gz;https://branham.fr/files/pdf/55/shp55-1116.pdf
55-1117;Jéhovah-Jiré;SHP;1955;478;91171;non;oui;55-1117__Shp.json.gz;https://branham.fr/files/pdf/55/shp55-1117.pdf
55-1118;La Foi d’Abraham;SHP;1955;445;95169;non;oui;55-1118__Shp.json.gz;https://branham.fr/files/pdf/55/shp55-1118.pdf
55-1119;Rédempteur, Rédemption;SHP;1955;486;108242;non;oui;55-1119__Shp.json.gz;https://branham.fr/files/pdf/55/shp55-1119.pdf
55-1120;QU'Y A-T-IL DANS TA MAIN?;SHP;1955;568;113629;non;oui;55-1120__Shp.json.gz;https://branham.fr/files/pdf/55/What_ Is_That_In_Your_Hand.pdf
56-0101;Pourquoi les gens sont si ballottés?;MS;1956;479;107244;non;oui;56-0101__MS.json.gz;https://branham.fr/files/pdf/56/Why_Are_People_So_Tossed_About.pdf
56-0101;Pourquoi les gens sont si ballotés?  (Le Voile Intérieur);SHP;1956;348;107654;non;oui;56-0101__Shp.json.gz;https://branham.fr/files/pdf/56/SHP56-0101.pdf
56-0108;Dieu A Une Voie À Laquelle Il A Pourvue;SHP;1956;596;124308;non;oui;56-0108__Shp.json.gz;https://branham.fr/files/pdf/56/shp56-0108.pdf
56-0115;Carrefour du temps;MS;1956;426;98632;non;oui;56-0115__MS.json.gz;https://branham.fr/files/pdf/56/The_Junction_Of_Time.pdf
56-0115;La Jonction Du Temps;SHP;1956;209;91595;non;oui;56-0115__Shp.json.gz;https://branham.fr/files/pdf/56/SHP56-0115.pdf
56-0120;La Réconciliation Par La Communion  Avec Dieu;SHP;1956;336;87708;non;oui;56-0120__Shp.json.gz;https://branham.fr/files/pdf/56/shp56-0120.pdf
56-0121;Le Voile Intérieur;SHP;1956;576;130152;non;oui;56-0121__Shp.json.gz;https://branham.fr/files/pdf/56/shp56-0121.pdf
56-0122;Les Cinq Jonctions Du Temps;SHP;1956;382;130712;non;oui;56-0122__Shp.json.gz;https://branham.fr/files/pdf/56/SHP56-0122.pdf
56-0128;L’INSPIRATION SPIRITUELLE;SHP;1956;372;95039;non;oui;56-0128__Shp.json.gz;https://branham.fr/files/pdf/56/Spiritual_Inspiration.pdf
56-0129;LE SURNATUREL (L'ATMOSPHÈRE SPIRITUELLE);SHP;1956;281;77839;non;oui;56-0129__Shp.json.gz;https://branham.fr/files/pdf/56/The_Supernatural.pdf
56-0200;Combattre Pour La Foi;SHP;1956;372;82615;non;oui;56-0200__Shp.json.gz;https://branham.fr/files/pdf/56/shp56-0200.pdf
56-0212;La Communion;SHP;1956;180;67538;non;oui;56-0212__Shp.json.gz;https://branham.fr/files/pdf/56/SHP56-0212.pdf
56-0213;Une Vie cachée avec Christ;SHP;1956;190;80363;non;oui;56-0213__Shp.json.gz;https://branham.fr/files/pdf/56/56-0213_UNE_VIE_CACHEE_AVEC_CHRIST.pdf
56-0218E;Le Pire Pécheur De La Ville;SHP;1956;412;87279;non;oui;56-0218E__Shp.json.gz;https://branham.fr/files/pdf/56/shp56-0218E.pdf
56-0218M;QUAND L'AMOUR S'ELANCE;SHP;1956;247;42282;non;oui;56-0218M__Shp.json.gz;https://branham.fr/files/pdf/56/When_Love_Projects.pdf
56-0219;Être Conduit Par Le Saint-Esprit;SHP;1956;533;102117;non;oui;56-0219__Shp.json.gz;https://branham.fr/files/pdf/56/shp56-0219.pdf
56-0223;L’Alliance De Dieu Avec Abraham Et Sa Postérité;SHP;1956;456;83813;non;oui;56-0223__Shp.json.gz;https://branham.fr/files/pdf/56/shp56-0223.pdf
56-0224;Jéhovah-Jiré;SHP;1956;380;79540;non;oui;56-0224__Shp.json.gz;https://branham.fr/files/pdf/56/shp56-0224.pdf
56-0225;Jésus-Christ Est Le Même Hier, Aujourd’hui Et Eternellement;SHP;1956;590;113101;non;oui;56-0225__Shp.json.gz;https://branham.fr/files/pdf/56/shp56-0225.pdf
56-0304;FAIRE L'ISSUE;SHP;1956;274;63254;non;oui;56-0304__Shp.json.gz;https://branham.fr/files/pdf/56/Making_A_Way.pdf
56-0311A;La Vraie Et La Fausse Vignes;SHP;1956;172;42188;non;oui;56-0311A__Shp.json.gz;https://branham.fr/files/pdf/56/shp56-0311A.pdf
56-0311E;Dieu Utilisant Son Don;SHP;1956;392;83542;non;oui;56-0311E__Shp.json.gz;https://branham.fr/files/pdf/56/shp56-0311E.pdf
56-0401M;Le Puissant Conquérant;SHP;1956;522;103689;non;oui;56-0401M__Shp.json.gz;https://branham.fr/files/pdf/56/shp56-0401M.pdf
56-0401S;Le Lever Du Soleil De Pâques;SHP;1956;29;5626;non;oui;56-0401S__Shp.json.gz;https://branham.fr/files/pdf/56/shp56-0401S.pdf
56-0403;Le berger de la bergerie;MS;1956;270;79432;non;oui;56-0403__MS.json.gz;https://branham.fr/files/pdf/56/Shepherd_Of_The_Sheepfold.pdf
56-0403;Le Berger De La Bergerie;SHP;1956;166;80201;non;oui;56-0403__Shp.json.gz;https://branham.fr/files/pdf/56/SHP56-0403.pdf
56-0404;L’Infaillibilité De La Parole Parlée De Dieu;SHP;1956;369;81095;non;oui;56-0404__Shp.json.gz;https://branham.fr/files/pdf/56/shp56-0404.pdf
56-0405;La Résurrection De Jésus;SHP;1956;469;95408;non;oui;56-0405__Shp.json.gz;https://branham.fr/files/pdf/56/shp56-0405.pdf
56-0406;La Parole Infaillible De Dieu;SHP;1956;394;97904;non;oui;56-0406__Shp.json.gz;https://branham.fr/files/pdf/56/shp56-0406.pdf
56-0407;L’Aveugle Bartimée;SHP;1956;527;101013;non;oui;56-0407__Shp.json.gz;https://branham.fr/files/pdf/56/shp56-0407.pdf
56-0408A;Qu’est-ce qu’une vision?;SHP;1956;319;74994;non;oui;56-0408A__SHP.json.gz;https://branham.fr/files/pdf/56/What_Is_A_Vision.pdf
56-0408A;Qu'est-ce qu'une vision?;VGR;1956;272;74497;oui;oui;56-0408A__VGR.json.gz;https://branham.fr/files/pdf/56/FRN56-0408A.pdf
56-0408A;Qu'est-ce qu'une vision?;VGR;1956;272;74497;oui;oui;56-0408A__VGR_2.json.gz;https://branham.fr/files/pdf/56/FRN56-0408A.pdf
56-0408E;Le temps est proche;MS;1956;285;75703;non;oui;56-0408E__MS.json.gz;https://branham.fr/files/pdf/56/The_TimeIs_At_Hand.pdf
56-0408E;Le Temps Est Proche;SHP;1956;188;75949;non;oui;56-0408E__Shp.json.gz;https://branham.fr/files/pdf/56/SHP56-0408E.pdf
56-0414;L’Aveugle Bartimée;SHP;1956;466;91258;non;oui;56-0414__Shp.json.gz;https://branham.fr/files/pdf/56/shp56-0414.pdf
56-0415;La Profondeur Appelant La Profondeur;SHP;1956;463;99999;non;oui;56-0415__Shp.json.gz;https://branham.fr/files/pdf/56/shp56-0415.pdf
56-0419;Combattre Ardemment Pour La Foi Qui A Été Transmise Aux Saints Une Fois Pour Toutes;SHP;1956;526;97170;non;oui;56-0419__Shp.json.gz;https://branham.fr/files/pdf/56/shp56-0419.pdf
56-0420;Quand leurs yeux s’ouvrirent;MS;1956;313;86294;non;oui;56-0420__MS.json.gz;https://branham.fr/files/pdf/56/When_Their_Eyes_Were_Opened.pdf
56-0420;Quand Leurs Yeux S'ouvrirent;SHP;1956;396;86904;non;oui;56-0420__Shp.json.gz;https://branham.fr/files/pdf/56/shp56-0420.pdf
56-0421;Ce Que Sont Les Visions;SHP;1956;603;112997;non;oui;56-0421__Shp.json.gz;https://branham.fr/files/pdf/56/shp56-0421.pdf
56-0422;Montre-Nous Le Père Et Cela Nous Suffit;SHP;1956;603;112997;non;oui;56-0422__Shp.json.gz;https://branham.fr/files/pdf/56/shp56-0422.pdf
56-0426;Jésus-Christ Est Le Même Hier, Aujourd’hui Et Eternellement;SHP;1956;377;83650;non;oui;56-0426__Shp.json.gz;https://branham.fr/files/pdf/56/shp56-0426.pdf
56-0427;La Foi;SHP;1956;645;117030;non;oui;56-0427__Shp.json.gz;https://branham.fr/files/pdf/56/shp56-0427.pdf
56-0428;Alliance De Dieu Avec Abraham;SHP;1956;470;102228;non;oui;56-0428__Shp.json.gz;https://branham.fr/files/pdf/56/shp56-0428.pdf
56-0429;Jéhovah-Jiré;SHP;1956;470;102228;non;oui;56-0429__Shp.json.gz;https://branham.fr/files/pdf/56/shp56-0429.pdf
56-0513;L'ENSEIGNEMENT SUR MOISE;SHP;1956;786;122037;non;oui;56-0513__Shp.json.gz;https://branham.fr/files/pdf/56/Teaching_On_Moses.pdf
56-0527;À Kadès-Barnéa;SHP;1956;269;74029;non;oui;56-0527__Shp.json.gz;https://branham.fr/files/pdf/56/shp56-0527.pdf
56-0603;Le livre de vie de l’agneau;MS;1956;445;97015;non;oui;56-0603__MS.json.gz;https://branham.fr/files/pdf/56/The_Lambs_Book_Of_Life.pdf
56-0603;Le Livre De Vie De L'Agneau;SHP;1956;558;95976;non;oui;56-0603__Shp.json.gz;https://branham.fr/files/pdf/56/shp56-0603.pdf
56-0610;LA PERFECTION;SHP;1956;359;82729;non;oui;56-0610__Shp.json.gz;https://branham.fr/files/pdf/56/Perfection.pdf
56-0611;ECOUTEZ-LE;SHP;1956;263;67192;non;oui;56-0611__Shp.json.gz;https://branham.fr/files/pdf/56/Hear_Ye_Him_2.pdf
56-0612;C'est La Vie Qui Guérit;SHP;1956;592;116054;non;oui;56-0612__Shp.json.gz;https://branham.fr/files/pdf/56/shp56-0612.pdf
56-0613;Jéhovah-Jiré;SHP;1956;470;104491;non;oui;56-0613__Shp.json.gz;https://branham.fr/files/pdf/56/shp56-0613.pdf
56-0614;Dieu A Pourvu À Un Agneau;SHP;1956;366;77428;non;oui;56-0614__Shp.json.gz;https://branham.fr/files/pdf/56/shp56-0614.pdf
56-0615;Un Exode;SHP;1956;544;103279;non;oui;56-0615__Shp.json.gz;https://branham.fr/files/pdf/56/shp56-0615.pdf
56-0617;Apocalypse, livre de symboles;MS;1956;301;83910;non;oui;56-0617__MS.json.gz;https://branham.fr/files/pdf/56/Revelation_Book_Of_Symbols.pdf
56-0617;Apocalypse, Livre De Symboles;SHP;1956;223;84046;non;oui;56-0617__Shp.json.gz;https://branham.fr/files/pdf/56/SHP56-0617.pdf
56-0621;La Loi Qui Possède Une Ombre;SHP;1956;309;74936;non;oui;56-0621__Shp.json.gz;https://branham.fr/files/pdf/56/shp56-0621.pdf
56-0715;La Marque De La Bête;SHP;1956;205;85611;non;oui;56-0715__Shp.json.gz;https://branham.fr/files/pdf/56/SHP56-0715.pdf
56-0722;Tout Est Possible À Celui Qui Croit;SHP;1956;141;36759;non;oui;56-0722__Shp.json.gz;https://branham.fr/files/pdf/56/shp56-0722.pdf
56-0723;Conduit Par L’Esprit De Dieu;SHP;1956;405;78477;non;oui;56-0723__Shp.json.gz;https://branham.fr/files/pdf/56/shp56-0723.pdf
56-0726;Amour;SHP;1956;671;116240;non;oui;56-0726__Shp.json.gz;https://branham.fr/files/pdf/56/shp56-0726.pdf
56-0728;Remplir Des Fosses La Vallée;SHP;1956;347;68074;non;oui;56-0728__Shp.json.gz;https://branham.fr/files/pdf/56/shp56-0728.pdf
56-0731;La Résurrection De La Fille De Jaïrus;SHP;1956;715;117707;non;oui;56-0731__Shp.json.gz;https://branham.fr/files/pdf/56/shp56-0731.pdf
56-0801;La Flèche De Délivrance De La Part De Dieu Tirée À L'Aide D'un Arc;SHP;1956;454;93511;non;oui;56-0801__Shp.json.gz;https://branham.fr/files/pdf/56/shp56-0801.pdf
56-0805;L’Église Et Sa Condition;MS;1956;359;102684;oui;oui;56-0805__MS.json.gz;https://branham.fr/files/pdf/56/The_Church_And_Its_Condition.pdf
56-0805;L'Église Et Sa Condition;SHP;1956;526;104250;oui;oui;56-0805__Shp.json.gz;https://branham.fr/files/pdf/56/shp56-0805.pdf
56-0805;L’Église Et Sa Condition;VGR;1956;246;103232;oui;oui;56-0805__VGR.json.gz;https://branham.fr/files/pdf/56/FRN56-0805.pdf
56-0814;L'Amour Divin Et La Grâce Souveraine (Quand L’amour S'élance);SHP;1956;537;122060;non;oui;56-0814__Shp.json.gz;https://branham.fr/files/pdf/56/shp56-0814.pdf
56-0815;La Foi;SHP;1956;597;113346;non;oui;56-0815__Shp.json.gz;https://branham.fr/files/pdf/56/shp56-0815.pdf
56-0816;LES OPERATIONS DU SAINT-ESPRIT;SHP;1956;542;105124;non;oui;56-0816__Shp.json.gz;https://branham.fr/files/pdf/56/Workings_Of_The_Holy_Ghost.pdf
56-0826;Amour Divin;MS;1956;315;65475;non;oui;56-0826__MS.json.gz;https://branham.fr/files/pdf/56/Divine_Love1.pdf
56-0826;Amour Divin;SHP;1956;307;66767;non;oui;56-0826__Shp.json.gz;https://branham.fr/files/pdf/56/shp56-0826.pdf
56-0902;Ecriture sur la muraille;MS;1956;348;95432;oui;oui;56-0902__MS.json.gz;https://branham.fr/files/pdf/56/The_Handwriting_On_The_Wall.pdf
56-0902;Ecriture Sur La Muraille;SHP;1956;489;95815;non;oui;56-0902__Shp.json.gz;https://branham.fr/files/pdf/56/shp56-0902.pdf
56-0916;Le jubile d'Azusa;MS;1956;113;40247;non;oui;56-0916__MS.json.gz;https://branham.fr/files/pdf/56/Azusa_Jubilee.pdf
56-0916;Le Jubilé D'azusa;SHP;1956;88;40272;non;oui;56-0916__Shp.json.gz;https://branham.fr/files/pdf/56/SHP56-0916.pdf
56-0917;Agneau et la colombe;MS;1956;148;35547;non;oui;56-0917__MS.json.gz;https://branham.fr/files/pdf/56/The_Lamb_And_The_Dove.pdf
56-0917;L'Agneau Et La Colombe;SHP;1956;127;36550;non;oui;56-0917__Shp.json.gz;https://branham.fr/files/pdf/56/SHP56-0917.pdf
56-0923;Adoption spirituelle;MS;1956;305;74896;non;oui;56-0923__MS.json.gz;https://branham.fr/files/pdf/56/Spiritual_Adoption.pdf
56-0923;L'Adoption Spirituelle;SHP;1956;370;82761;oui;oui;56-0923__Shp.json.gz;https://branham.fr/files/pdf/56/shp56-0923.pdf
56-0930;Ecoutez-Le;SHP;1956;278;63999;non;oui;56-0930__Shp.json.gz;https://branham.fr/files/pdf/56/shp56-0930.pdf
56-0930E;Les Témoins;SHP;1956;320;97650;non;oui;56-0930E__Shp.json.gz;https://branham.fr/files/pdf/56/shp56-0930E.pdf
56-1001;Le Ministère Expliqué;SHP;1956;418;81800;non;oui;56-1001__Shp.json.gz;https://branham.fr/files/pdf/56/shp56-1001.pdf
56-1002A;Père, L’Heure Est Venue;SHP;1956;313;75133;non;oui;56-1002A__Shp.json.gz;https://branham.fr/files/pdf/56/shp56-1002A.pdf
56-1002E;LE PROPHETE ELISEE;SHP;1956;554;110287;non;oui;56-1002E__Shp.json.gz;https://branham.fr/files/pdf/56/Elisha_The_Prophet.pdf
56-1004;Un Souper De Noces;SHP;1956;514;102582;non;oui;56-1004__Shp.json.gz;https://branham.fr/files/pdf/56/shp56-1004.pdf
56-1005;LA Jézabel Au Visage Fardé;SHP;1956;445;106754;non;oui;56-1005__Shp.json.gz;https://branham.fr/files/pdf/56/Painted-Face_Jezebel.pdf
56-1125E;Un prophète rouge de honte;MS;1956;161;48069;oui;oui;56-1125E__MS.json.gz;https://branham.fr/files/pdf/56/A_Blushing_Prophet.pdf
56-1125E;Un Prophète Qui Rougit;SHP;1956;103;52216;oui;oui;56-1125E__Shp.json.gz;https://branham.fr/files/pdf/56/SHP56-1125E.pdf
56-1125E;Un prophète qui rougit;VGR;1956;170;53420;oui;oui;56-1125E__VGR.json.gz;https://branham.fr/files/pdf/56/FRN56-1125E.pdf
56-1125M;Une robe d’occasion;MS;1956;185;57398;oui;oui;56-1125M__MS.json.gz;https://branham.fr/files/pdf/56/A_Secondhanded_Robe.pdf
56-1125M;Une Robe D'occasion;SHP;1956;136;57726;oui;oui;56-1125M__Shp.json.gz;https://branham.fr/files/pdf/56/SHP56-1125M.pdf
56-1206;Une Robe D'Occasion;SHP;1956;524;115457;non;oui;56-1206__Shp.json.gz;https://branham.fr/files/pdf/56/shp56-1206.pdf
56-1207;Les Dons;SHP;1956;528;96328;non;oui;56-1207__Shp.json.gz;https://branham.fr/files/pdf/56/shp56-1207.pdf
56-1208;Abraham;SHP;1956;534;117633;non;oui;56-1208__Shp.json.gz;https://branham.fr/files/pdf/56/shp56-1208.pdf
56-1209A;Dieu Faisant Sa Promesse;SHP;1956;362;81917;non;oui;56-1209A__Shp.json.gz;https://branham.fr/files/pdf/56/shp56-1209A.pdf
56-1209E;Jéhovah-Jiré;SHP;1956;579;107732;non;oui;56-1209E__Shp.json.gz;https://branham.fr/files/pdf/56/shp56-1209E.pdf
56-1215;ECOUTEZ-LE;SHP;1956;627;116916;non;oui;56-1215__Shp.json.gz;https://branham.fr/files/pdf/56/Hear_Ye_Him_1.pdf
56-1230;JOSEPH RENCONTRE SES FRERES (JOSEPH, LE FAISEUR DE SONGES);SHP;1956;386;80046;non;oui;56-1230__Shp.json.gz;https://branham.fr/files/pdf/56/Joseph_Meeting_His_Brethren.pdf
57-0104;Messieurs, Nous Voudrions Voir Jésus;SHP;1957;472;101310;non;oui;57-0104__Shp.json.gz;https://branham.fr/files/pdf/57/shp57-0104.pdf
57-0105;Ecoutez-Le;SHP;1957;475;103165;non;oui;57-0105__Shp.json.gz;https://branham.fr/files/pdf/57/shp57-0105.pdf
57-0106;Jéhovah-Jiré;SHP;1957;493;100015;non;oui;57-0106__Shp.json.gz;https://branham.fr/files/pdf/57/shp57-0106.pdf
57-0113;QUE FAUT-IL POUR MENER UNE VIE CHRETIENNE ?;SHP;1957;241;65789;non;oui;57-0113__SHP.json.gz;https://branham.fr/files/pdf/57/57-0113.pdf
57-0114;La Preuve Infaillible De La Résurrection;SHP;1957;562;118096;non;oui;57-0114__Shp.json.gz;https://branham.fr/files/pdf/57/shp57-0114.pdf
57-0115;Dieu Tient Sa Parole;SHP;1957;336;117843;non;oui;57-0115__Shp.json.gz;https://branham.fr/files/pdf/57/SHP57-0115.pdf
57-0120E;Dieu Tient Sa Parole;MS;1957;356;88177;oui;oui;57-0120E__MS.json.gz;https://branham.fr/files/pdf/57/God_Keeps_His_Word1.pdf
57-0120E;Dieu Tient Sa Parole;SHP;1957;442;86449;non;oui;57-0120E__Shp.json.gz;https://branham.fr/files/pdf/57/shp57-0120E.pdf
57-0120E;Dieu Tient Sa Parole;VGR;1957;282;88426;oui;oui;57-0120E__VGR.json.gz;https://branham.fr/files/pdf/57/FRN57-0120e.pdf
57-0120M;Imitation du christianisme;MS;1957;333;92115;oui;oui;57-0120M__MS.json.gz;https://branham.fr/files/pdf/57/The_Impersonation_Of_Christianity.pdf
57-0120M;L’Imitation Du Christianisme;SHP;1957;415;93044;non;oui;57-0120M__Shp.json.gz;https://branham.fr/files/pdf/57/shp57-0120M.pdf
57-0120M;L’Imitation Du Christianisme;VGR;1957;259;92359;oui;oui;57-0120M__VGR.json.gz;https://branham.fr/files/pdf/57/FRN57-0120m.pdf
57-0125;Ecoutez-Le;SHP;1957;419;86321;non;oui;57-0125__Shp.json.gz;https://branham.fr/files/pdf/57/shp57-0125.pdf
57-0126B;Le Rapport Du Voyage En Inde;SHP;1957;472;104017;non;oui;57-0126B__Shp.json.gz;https://branham.fr/files/pdf/57/shp57-0126B.pdf
57-0126E;QUAND L’AMOUR DIVIN S’ELANCE, LA GRACE SOUVERAINE INTERVIENT;SHP;1957;434;87489;non;oui;57-0126E__SHP.json.gz;https://branham.fr/files/pdf/57/57-0126E.pdf
57-0127A;L'Imitation Du Christianisme;SHP;1957;488;83721;non;oui;57-0127A__Shp.json.gz;https://branham.fr/files/pdf/57/shp57-0127A.pdf
57-0127E;L’Aveugle Bartimée;SHP;1957;497;99426;non;oui;57-0127E__Shp.json.gz;https://branham.fr/files/pdf/57/shp57-0127E.pdf
57-0226;Messieurs, Nous Voudrions Voir Jésus;SHP;1957;502;97780;non;oui;57-0226__Shp.json.gz;https://branham.fr/files/pdf/57/shp57-0226.pdf
57-0228;Il Y A Ici Plus Que Salomon;SHP;1957;208;53957;non;oui;57-0228__Shp.json.gz;https://branham.fr/files/pdf/57/shp57-0228.pdf
57-0301;Aveugle Bartimée;SHP;1957;386;79377;non;oui;57-0301__Shp.json.gz;https://branham.fr/files/pdf/57/shp57-0301.pdf
57-0302;Et Puis Jésus Vint;SHP;1957;386;84386;non;oui;57-0302__Shp.json.gz;https://branham.fr/files/pdf/57/shp57-0302.pdf
57-0303A;Pourquoi tant de chrétiens trouvent-ils si difficile de vivre une vie;MS;1957;108;36575;non;oui;57-0303A__MS.json.gz;https://branham.fr/files/pdf/57/Why_Is_It_That_So_Many_Christians_Find_It_So_Hard_To_Live_The_Christian_Life.pdf
57-0303A;Pourquoi Beaucoup De Chrétiens Trouvent-Ils Si Difficile De Mener La Vie Chrétienne?;SHP;1957;378;75012;non;oui;57-0303A__Shp.json.gz;https://branham.fr/files/pdf/57/shp57-0303A.pdf
57-0303E;Que Pensez-Vous De Christ?;SHP;1957;300;63280;non;oui;57-0303E__Shp.json.gz;https://branham.fr/files/pdf/57/shp57-0303E.pdf
57-0305;Amour Divin2;MS;1957;366;85866;non;oui;57-0305__MS.json.gz;https://branham.fr/files/pdf/57/Divine_Love2.pdf
57-0305;Amour Divin;SHP;1957;440;92309;non;oui;57-0305__Shp.json.gz;https://branham.fr/files/pdf/57/shp57-0305.pdf
57-0306;Dieu Tient Sa Parole;SHP;1957;292;72824;non;oui;57-0306__Shp.json.gz;https://branham.fr/files/pdf/57/shp57-0306.pdf
57-0307;Dieu Tient Sa Parole;SHP;1957;383;89992;non;oui;57-0307__Shp.json.gz;https://branham.fr/files/pdf/57/shp57-0307.pdf
57-0308;LE BON BERGER DES BREBIS;SHP;1957;348;72502;non;oui;57-0308__SHP.json.gz;https://branham.fr/files/pdf/57/57-0308.pdf
57-0309B;Je restaurerai;MS;1957;136;42192;non;oui;57-0309B__MS.json.gz;https://branham.fr/files/pdf/57/I_Will_Restore.pdf
57-0309B;Je Restaurerai;SHP;1957;161;42513;non;oui;57-0309B__Shp.json.gz;https://branham.fr/files/pdf/57/shp57-0309B.pdf
57-0309E;Jéhovah-Jiré;SHP;1957;379;79265;non;oui;57-0309E__Shp.json.gz;https://branham.fr/files/pdf/57/shp57-0309E.pdf
57-0310A;Laver Les Pieds De Jésus;SHP;1957;358;73099;non;oui;57-0310A__Shp.json.gz;https://branham.fr/files/pdf/57/shp57-0310A.pdf
57-0310E;Ecoutez-Le;MS;1957;196;79813;non;oui;57-0310E__MS.json.gz;https://branham.fr/files/pdf/57/Hear_Ye_Him.pdf
57-0310E;Ecoutez-Le;SHP;1957;203;79814;non;oui;57-0310E__Shp.json.gz;https://branham.fr/files/pdf/57/SHP57-0310E.pdf
57-0317;Ecoutez-Le;SHP;1957;96;19812;non;oui;57-0317__Shp.json.gz;https://branham.fr/files/pdf/57/shp57-0317.pdf
57-0322;Ecoutez-Le;SHP;1957;331;81988;non;oui;57-0322__Shp.json.gz;https://branham.fr/files/pdf/57/shp57-0322.pdf
57-0323;Dieu Dans Sa Parole;SHP;1957;403;87280;non;oui;57-0323__Shp.json.gz;https://branham.fr/files/pdf/57/shp57-0323.pdf
57-0324;Pourquoi Certaines Personnes Ne Peuvent Pas Conserver La Victoire;SHP;1957;412;96659;non;oui;57-0324__Shp.json.gz;https://branham.fr/files/pdf/57/shp57-0324.pdf
57-0325;L’Agneau Et La Colombe;SHP;1957;435;91962;non;oui;57-0325__Shp.json.gz;https://branham.fr/files/pdf/57/shp57-0325.pdf
57-0326;Jéhovah-Jiré;SHP;1957;580;103873;non;oui;57-0326__Shp.json.gz;https://branham.fr/files/pdf/57/shp57-0326.pdf
57-0407E;Puis Jésus Vint;SHP;1957;279;64399;non;oui;57-0407E__Shp.json.gz;https://branham.fr/files/pdf/57/shp57-0407E.pdf
57-0407M;Dieu Tient Sa Parole;MS;1957;458;108680;oui;oui;57-0407M__MS.json.gz;https://branham.fr/files/pdf/57/God_Keeps_His_Word2.pdf
57-0407M;Dieu Tient Sa Parole;SHP;1957;558;105862;non;oui;57-0407M__Shp.json.gz;https://branham.fr/files/pdf/57/shp57-0407M.pdf
57-0407M;Dieu Tient Sa Parole;VGR;1957;349;108899;oui;oui;57-0407M__VGR.json.gz;https://branham.fr/files/pdf/57/FRN57-0407m.pdf
57-0414;Corinthiens, livre de correction;MS;1957;279;67355;oui;oui;57-0414__MS.json.gz;https://branham.fr/files/pdf/57/Corinthians_Book_Of_Correction.pdf
57-0414;Corinthiens, livre de correction;SHP;1957;191;67521;oui;oui;57-0414__Shp.json.gz;https://branham.fr/files/pdf/57/SHP57-0414.pdf
57-0417;La seconde venue du seigneur;MS;1957;173;56025;oui;oui;57-0417__MS.json.gz;https://branham.fr/files/pdf/57/The_Second_Coming_Of_The_Lord.pdf
57-0417;La Seconde venue du seigneur;SHP;1957;131;56154;oui;oui;57-0417__Shp.json.gz;https://branham.fr/files/pdf/57/SHP57-0417.pdf
57-0418;La Communion;MS;1957;165;42257;non;oui;57-0418__MS.json.gz;https://branham.fr/files/pdf/57/The_Communion.pdf
57-0418;La Communion;SHP;1957;170;42659;non;oui;57-0418__Shp.json.gz;https://branham.fr/files/pdf/57/shp57-0418.pdf
57-0419;La Perfection;MS;1957;234;51636;oui;oui;57-0419__MS.json.gz;https://branham.fr/files/pdf/57/Perfection.pdf
57-0419;La Perfection (soyez donc parfaits);SHP;1957;170;53172;oui;oui;57-0419__Shp.json.gz;https://branham.fr/files/pdf/57/SHP57-0419.pdf
57-0419;La perfection;VGR;1957;190;52546;oui;oui;57-0419__VGR.json.gz;https://branham.fr/files/pdf/57/FRN57-0419.pdf
57-0420;L'ENSEVELISSEMENT;SHP;1957;258;49351;non;oui;57-0420__SHP.json.gz;https://branham.fr/files/pdf/57/57-0420.pdf
57-0420;La mise au tombeau;VGR;1957;178;50239;oui;oui;57-0420__VGR.json.gz;https://branham.fr/files/pdf/57/FRN57-0420.pdf
57-0421E;Et Leurs Yeux S’Ouvrirent,  Et Ils Le Reconnurent;SHP;1957;263;57224;non;oui;57-0421E__Shp.json.gz;https://branham.fr/files/pdf/57/shp57-0421E.pdf
57-0421M;LE GRAND ET PUISSANT CONQUÉRANT  (LE PUISSANT CONQUÉRANT);SHP;1957;238;46312;non;oui;57-0421M__SHP.json.gz;https://branham.fr/files/pdf/57/57-0421M.pdf
57-0516;Nous Voudrions Voir Jésus;SHP;1957;444;92437;non;oui;57-0516__Shp.json.gz;https://branham.fr/files/pdf/57/shp57-0516.pdf
57-0517;La Reine De Séba;SHP;1957;225;56033;non;oui;57-0517__Shp.json.gz;https://branham.fr/files/pdf/57/shp57-0517.pdf
57-0518;TENEZ-VOUS TRANQUILLES;SHP;1957;530;119472;non;oui;57-0518__SHP.json.gz;https://branham.fr/files/pdf/57/57-0518.pdf
57-0519A;Ecoutez-Le;SHP;1957;452;98860;non;oui;57-0519A__Shp.json.gz;https://branham.fr/files/pdf/57/shp57-0519A.pdf
57-0519E;L’Amour;SHP;1957;657;119864;non;oui;57-0519E__Shp.json.gz;https://branham.fr/files/pdf/57/shp57-0519E.pdf
57-0602;La Vie;SHP;1957;356;77067;non;oui;57-0602__Shp.json.gz;https://branham.fr/files/pdf/57/shp57-0602.pdf
57-0610;La Foi Qui A Eté Transmise Aux Saints Une Fois Pour Toutes;SHP;1957;465;100152;non;oui;57-0610__Shp.json.gz;https://branham.fr/files/pdf/57/shp57-0610.pdf
57-0613A;Dieu Tient Sa Parole;SHP;1957;225;46638;non;oui;57-0613A__Shp.json.gz;https://branham.fr/files/pdf/57/shp57-0613A.pdf
57-0613E;Avoir Soif De La Vie;SHP;1957;568;107825;non;oui;57-0613E__Shp.json.gz;https://branham.fr/files/pdf/57/shp57-0613E.pdf
57-0614;La Reine du midi;SHP;1957;111;35728;non;oui;57-0614__Shp.json.gz;https://branham.fr/files/pdf/57/57-0614_LA_REINE_DU_MIDI.pdf
57-0623;Croire du cœur;MS;1957;277;63116;non;oui;57-0623__MS.json.gz;https://branham.fr/files/pdf/57/Believe_From_The_Heart.pdf
57-0623;Croire Du Coeur;SHP;1957;280;66967;non;oui;57-0623__Shp.json.gz;https://branham.fr/files/pdf/57/shp57-0623.pdf
57-0629;TENEZ-VOUS LA, ET VOYEZ LA DELIVRANCE DE L’ETERNEL;SHP;1957;240;52133;non;oui;57-0629__SHP.json.gz;https://branham.fr/files/pdf/57/57-0629.pdf
57-0630;Avoir Soif De La Vie;SHP;1957;234;59371;non;oui;57-0630__Shp.json.gz;https://branham.fr/files/pdf/57/shp57-0630.pdf
57-0705;L’Aigle Dans Son Nid;SHP;1957;204;55889;non;oui;57-0705__Shp.json.gz;https://branham.fr/files/pdf/57/shp57-0705.pdf
57-0714;Pareil À L’Aigle Qui Éveille Sa Couvée;SHP;1957;286;61480;non;oui;57-0714__Shp.json.gz;https://branham.fr/files/pdf/57/shp57-0714.pdf
57-0725;Ecoutez-Le;SHP;1957;457;93647;non;oui;57-0725__Shp.json.gz;https://branham.fr/files/pdf/57/shp57-0725.pdf
57-0727;Il Devait Passer Par Là;SHP;1957;235;54423;non;oui;57-0727__Shp.json.gz;https://branham.fr/files/pdf/57/shp57-0727.pdf
57-0728;AVOIR SOIF DE LA VIE;SHP;1957;391;91479;non;oui;57-0728__SHP.json.gz;https://branham.fr/files/pdf/57/57-0728.pdf
57-0804A;La Grande Commission;SHP;1957;283;67210;non;oui;57-0804A__Shp.json.gz;https://branham.fr/files/pdf/57/shp57-0804A.pdf
57-0804E;Messieurs, Nous Voudrions Voir Jésus;SHP;1957;362;80944;non;oui;57-0804E__Shp.json.gz;https://branham.fr/files/pdf/57/shp57-0804E.pdf
57-0805;Dieu Manifestant Ses Dons;SHP;1957;388;81698;non;oui;57-0805__Shp.json.gz;https://branham.fr/files/pdf/57/shp57-0805.pdf
57-0806;Quand l'amour s'élance;MS;1957;286;69805;non;oui;57-0806__MS.json.gz;https://branham.fr/files/pdf/57/God_Projecting_His_Love.pdf
57-0806;Dieu Projetant Son Amour (Quand L’Amour S'élance);SHP;1957;353;76931;non;oui;57-0806__Shp.json.gz;https://branham.fr/files/pdf/57/shp57-0806.pdf
57-0807;Ecoutez-Le;SHP;1957;329;82748;non;oui;57-0807__Shp.json.gz;https://branham.fr/files/pdf/57/shp57-0807.pdf
57-0808;Le Puissant Conquérant;SHP;1957;469;89751;non;oui;57-0808__Shp.json.gz;https://branham.fr/files/pdf/57/shp57-0808.pdf
57-0809;L’Aveugle Bartimée;SHP;1957;389;76641;non;oui;57-0809__Shp.json.gz;https://branham.fr/files/pdf/57/shp57-0809.pdf
57-0810;JEHOVAH-JIRE;SHP;1957;564;107387;non;oui;57-0810__SHP.json.gz;https://branham.fr/files/pdf/57/57-0810.pdf
57-0811A;LE PLUS GRAND DON DANS LA BIBLE;SHP;1957;267;62955;non;oui;57-0811A__SHP.json.gz;https://branham.fr/files/pdf/57/57-0811A.pdf
57-0811E;L’Expectative Et La Conduite De L’Esprit;SHP;1957;357;75448;non;oui;57-0811E__Shp.json.gz;https://branham.fr/files/pdf/57/shp57-0811E.pdf
57-0818;Les mémoriaux de dieu éprouvés au fil du temps;MS;1957;253;63531;non;oui;57-0818__MS.json.gz;https://branham.fr/files/pdf/57/Time-Tested_Memorials_Of_God.pdf
57-0818;Les Mémoriaux de Dieu éprouvés au fil du temps;SHP;1957;193;63980;non;oui;57-0818__Shp.json.gz;https://branham.fr/files/pdf/57/SHP57-0818.pdf
57-0818;Les mémoriaux de Dieu ont fait leurs preuves;VGR;1957;231;62588;oui;oui;57-0818__VGR.json.gz;https://branham.fr/files/pdf/57/FRN57-0818.pdf
57-0821;Hébreux Chapitre 1;MS;1957;368;77136;oui;oui;57-0821__MS.json.gz;https://branham.fr/files/pdf/57/Hebrews_Chapter_One.pdf
57-0821;Hébreux chapitre Un;SHP;1957;256;79231;oui;oui;57-0821__Shp.json.gz;https://branham.fr/files/pdf/57/SHP57-0821.pdf
57-0821;Hébreux Chapitre Un;VGR;1957;260;78244;oui;oui;57-0821__VGR.json.gz;https://branham.fr/files/pdf/57/FRN57-0821.pdf
57-0825E;Hébreux Chapitre 2, Deuxième Partie;MS;1957;235;50033;oui;oui;57-0825E__MS.json.gz;https://branham.fr/files/pdf/57/Hebrews_Chapter_Two_2.pdf
57-0825E;Hébreux Chapitre Deux #2;SHP;1957;179;50569;oui;oui;57-0825E__Shp.json.gz;https://branham.fr/files/pdf/57/SHP57-0825E.pdf
57-0825E;Hébreux Chapitre Deux #2;VGR;1957;197;50983;oui;oui;57-0825E__VGR.json.gz;https://branham.fr/files/pdf/57/FRN57-0825E.pdf
57-0825M;Hébreux Chapitre 2, Première Partie;MS;1957;151;37846;oui;oui;57-0825M__MS.json.gz;https://branham.fr/files/pdf/57/Hebrews_Chapter_Two_1.pdf
57-0825M;Hébreux Chapitre Deux #1;SHP;1957;111;38643;oui;oui;57-0825M__Shp.json.gz;https://branham.fr/files/pdf/57/SHP57-0825M.pdf
57-0825M;Hébreux Chapitre Deux #1;VGR;1957;117;38901;oui;oui;57-0825M__VGR.json.gz;https://branham.fr/files/pdf/57/FRN57-0825M.pdf
57-0828;Hébreux Chapitre 2, Troisième Partie;MS;1957;152;37943;oui;oui;57-0828__MS.json.gz;https://branham.fr/files/pdf/57/Hebrews_Chapter_Two_3.pdf
57-0828;Hébreux Chapitre Deux #3;SHP;1957;103;38380;oui;oui;57-0828__Shp.json.gz;https://branham.fr/files/pdf/57/SHP57-0828.pdf
57-0828;Hébreux Chapitre Deux #3;VGR;1957;119;38641;oui;oui;57-0828__VGR.json.gz;https://branham.fr/files/pdf/57/FRN57-0828.pdf
57-0901E;Hébreux Chapitre 4;MS;1957;494;107666;oui;oui;57-0901E__MS.json.gz;https://branham.fr/files/pdf/57/Hebrews_Chapter_Four.pdf
57-0901E;Hébreux Chapitre Quatre;SHP;1957;390;108041;oui;oui;57-0901E__Shp.json.gz;https://branham.fr/files/pdf/57/SHP57-0901E.pdf
57-0901E;Hébreux Chapitre Quatre;VGR;1957;398;107040;oui;oui;57-0901E__VGR.json.gz;https://branham.fr/files/pdf/57/FRN57-0901E.pdf
57-0901M;Hébreux Chapitre 3;MS;1957;387;88614;oui;oui;57-0901M__MS.json.gz;https://branham.fr/files/pdf/57/Hebrews_Chapter_Three.pdf
57-0901M;Hébreux Chapitre Trois;SHP;1957;247;89331;oui;oui;57-0901M__Shp.json.gz;https://branham.fr/files/pdf/57/SHP57-0901M.pdf
57-0901M;Hébreux Chapitre Trois;VGR;1957;275;88218;oui;oui;57-0901M__VGR.json.gz;https://branham.fr/files/pdf/57/FRN57-0901M.pdf
57-0908E;Hébreux, Chapitre 6, Deuxième Partie;MS;1957;497;107948;oui;oui;57-0908E__MS.json.gz;https://branham.fr/files/pdf/57/Hebrews_Chapter_Six_2.pdf
57-0908E;Hébreux Chapitre Six #2;SHP;1957;391;109358;oui;oui;57-0908E__Shp.json.gz;https://branham.fr/files/pdf/57/SHP57-0908E.pdf
57-0908E;Hébreux Chapitre Six #2;VGR;1957;367;110312;oui;oui;57-0908E__VGR.json.gz;https://branham.fr/files/pdf/57/FRN57-0908E.pdf
57-0908M;Hébreux Chapitres 5 Et 6 - Première Partie;MS;1957;462;93080;oui;oui;57-0908M__MS.json.gz;https://branham.fr/files/pdf/57/Hebrews_Chapter_Five_And_Six_1.pdf
57-0908M;Hébreux Chapitres Cinq et Six #1;SHP;1957;293;94750;oui;oui;57-0908M__Shp.json.gz;https://branham.fr/files/pdf/57/57-0908M_HEBREUX_CHAPITRE_5_et__6_1ere_Partie_.pdf
57-0908M;Hébreux Chapitres Cinq et Six #1;VGR;1957;299;94669;oui;oui;57-0908M__VGR.json.gz;https://branham.fr/files/pdf/57/FRN57-0908M.pdf
57-0915E;Hébreux Chapitre 7, Première Partie;MS;1957;433;110909;oui;oui;57-0915E__MS.json.gz;https://branham.fr/files/pdf/57/Hebrews_Chapter_Seven_1.pdf
57-0915E;Hébreux Chapitre Sept #1;SHP;1957;319;113008;oui;oui;57-0915E__Shp.json.gz;https://branham.fr/files/pdf/57/57-0915E_HEBREUX_CHAPITRE_7_1ere_Partie.pdf
57-0915E;Hébreux Chapitre Sept #1;VGR;1957;320;111054;oui;oui;57-0915E__VGR.json.gz;https://branham.fr/files/pdf/57/FRN57-0915E.pdf
57-0915M;Hébreux Chapitre 6, Troisième Partie;MS;1957;411;89399;oui;oui;57-0915M__MS.json.gz;https://branham.fr/files/pdf/57/Hebrews_Chapter_Six_3.pdf
57-0915M;Hébreux Chapitre Six #3 et Hébreux chapitre Sept #1;SHP;1957;300;89658;oui;oui;57-0915M__Shp.json.gz;https://branham.fr/files/pdf/57/SHP57-0915M.pdf
57-0915M;Hébreux Chapitre Six #3;VGR;1957;285;90372;oui;oui;57-0915M__VGR.json.gz;https://branham.fr/files/pdf/57/FRN57-0915M.pdf
57-0922;Hébreux chapitre 7, deuxième partie;MS;1957;435;95257;oui;oui;57-0922__MS.json.gz;https://branham.fr/files/pdf/57/Hebrews_Chapter_Seven_2.pdf
57-0922E;Hébreux Chapitre Sept #2;SHP;1957;302;96626;oui;oui;57-0922E__Shp.json.gz;https://branham.fr/files/pdf/57/SHP57-0922E.pdf
57-0922E;Hébreux Chapitre Sept #2;VGR;1957;304;93806;oui;oui;57-0922E__VGR.json.gz;https://branham.fr/files/pdf/57/FRN57-0922E.pdf
57-0922M;Jésus-Christ Est Le Même Hier, Aujourd’hui Et Éternellement;SHP;1957;259;55751;non;oui;57-0922M__Shp.json.gz;https://branham.fr/files/pdf/57/shp57-0922M.pdf
57-0925;Questions Et Réponses Sur Les Hébreux, Partie 1;MS;1957;458;96346;non;oui;57-0925__MS.json.gz;https://branham.fr/files/pdf/57/Questions_And_Answers_On_Hebrews_1.pdf
57-0925;Questions Et Réponses Sur Les Hébreux, 1ère Partie;SHP;1957;671;114869;non;oui;57-0925__Shp.json.gz;https://branham.fr/files/pdf/57/shp57-0925.pdf
57-0925;Questions Et Réponses Sur Les Hébreux, 1ère Partie;VGR;1957;594;116794;oui;oui;57-0925__VGR.json.gz;https://branham.fr/files/pdf/57/FRN57-0925.pdf
57-1002;Questions Et Réponses Sur Les Hébreux, Partie 2;MS;1957;446;101695;non;oui;57-1002__MS.json.gz;https://branham.fr/files/pdf/57/Questions_And_Answers_On_Hebrews_2.pdf
57-1002;Questions Et Réponses Sur Les Hébreux, IIè Partie;SHP;1957;491;100544;non;oui;57-1002__Shp.json.gz;https://branham.fr/files/pdf/57/shp57-1002.pdf
57-1002;Questions Et Réponses Sur Les Hébreux, 2è Partie;VGR;1957;458;101953;oui;oui;57-1002__VGR.json.gz;https://branham.fr/files/pdf/57/FRN57-1002.pdf
57-1006;Questions Et Réponses Sur Les Hébreux #3;MS;1957;579;136118;non;oui;57-1006__MS.json.gz;https://branham.fr/files/pdf/57/Questions_And_Answers_On_Hebrews_3.pdf
57-1006;Questions Et Réponses Sur Les Hébreux, IIIè Partie;SHP;1957;693;136056;non;oui;57-1006__Shp.json.gz;https://branham.fr/files/pdf/57/shp57-1006.pdf
57-1006;Questions Et Réponses Sur Les Hébreux, 3è Partie;VGR;1957;643;134943;oui;oui;57-1006__VGR.json.gz;https://branham.fr/files/pdf/57/FRN57-1006.pdf
57-1208;Je me tiens à la porte et je frappe;MS;1957;370;79088;non;oui;57-1208__MS.json.gz;https://branham.fr/files/pdf/57/I_Stand_At_The_Door_And_Knock.pdf
57-1208;Je Me Tiens A La Porte, Et Je Frappe;SHP;1957;394;78951;non;oui;57-1208__Shp.json.gz;https://branham.fr/files/pdf/57/shp57-1208.pdf
57-1211;Messieurs, Nous Voudrions Voir Jésus;SHP;1957;485;100470;non;oui;57-1211__Shp.json.gz;https://branham.fr/files/pdf/57/shp57-1211.pdf
57-1212;La Porte De La Porte;SHP;1957;364;83604;non;oui;57-1212__Shp.json.gz;https://branham.fr/files/pdf/57/shp57-1212.pdf
57-1213;ET PUIS JESUS VINT;SHP;1957;460;88355;non;oui;57-1213__SHP.json.gz;https://branham.fr/files/pdf/57/57-1213.pdf
57-1215;PARLE A CETTE MONTAGNE;SHP;1957;253;54288;non;oui;57-1215__SHP.json.gz;https://branham.fr/files/pdf/57/57-1215.pdf
57-1222;LA GRANDE LUMIERE BRILLANTE;SHP;1957;302;67459;non;oui;57-1222__SHP.json.gz;https://branham.fr/files/pdf/57/57-1222.pdf
57-1229;La Foi;MS;1957;297;70355;oui;oui;57-1229__MS.json.gz;https://branham.fr/files/pdf/57/Faith.pdf
57-1229;La Foi;SHP;1957;303;68558;non;oui;57-1229__Shp.json.gz;https://branham.fr/files/pdf/57/shp57-1229.pdf
57-1229;La Foi;VGR;1957;202;70728;oui;oui;57-1229__VGR.json.gz;https://branham.fr/files/pdf/57/FRN57-1229.pdf
58-0105;Ayez Foi En Dieu;SHP;1958;222;56314;non;oui;58-0105__Shp.json.gz;https://branham.fr/files/pdf/58/shp58-0105.pdf
58-0107;La Reine de Séba;SHP;1958;204;78618;non;oui;58-0107__Shp.json.gz;https://branham.fr/files/pdf/58/58-0107_LA_REINE_DE_SEBA.pdf
58-0108;Ecriture sur la muraille;MS;1958;227;56599;non;oui;58-0108__MS.json.gz;https://branham.fr/files/pdf/58/The_Handwriting_On_The_Wall.pdf
58-0108;L'Ecriture sur la muraille;SHP;1958;167;56802;non;oui;58-0108__Shp.json.gz;https://branham.fr/files/pdf/58/SHP58-0108.pdf
58-0109;Les Appelés À Sortir;SHP;1958;266;62140;non;oui;58-0109__Shp.json.gz;https://branham.fr/files/pdf/58/shp58-0109.pdf
58-0110;Le Puissant Conquérant;SHP;1958;304;64574;non;oui;58-0110__Shp.json.gz;https://branham.fr/files/pdf/58/shp58-0110.pdf
58-0112A;Pour Accomplir Ses Prodiges;SHP;1958;176;50476;non;oui;58-0112A__Shp.json.gz;https://branham.fr/files/pdf/58/shp58-0112A.pdf
58-0112E;La Porte Du Coeur;SHP;1958;284;59970;non;oui;58-0112E__Shp.json.gz;https://branham.fr/files/pdf/58/shp58-0112E.pdf
58-0125;La Reine Du Midi;SHP;1958;280;69621;non;oui;58-0125__Shp.json.gz;https://branham.fr/files/pdf/58/shp58-0125.pdf
58-0126;Ecoutez-Le;SHP;1958;356;81658;non;oui;58-0126__Shp.json.gz;https://branham.fr/files/pdf/58/shp58-0126.pdf
58-0127;Jéhovah-Jiré;SHP;1958;361;75119;non;oui;58-0127__Shp.json.gz;https://branham.fr/files/pdf/58/shp58-0127.pdf
58-0128;Unité d'un seul Dieu;MS;1958;277;71064;non;oui;58-0128__MS.json.gz;https://branham.fr/files/pdf/58/The_Oneness_Of_Unity.pdf
58-0128;L'Harmonie De L'Unité (La Tour De Babel);SHP;1958;345;75780;non;oui;58-0128__Shp.json.gz;https://branham.fr/files/pdf/58/shp58-0128.pdf
58-0130;Écriture Sur La Muraille;SHP;1958;340;78480;non;oui;58-0130__Shp.json.gz;https://branham.fr/files/pdf/58/shp58-0130.pdf
58-0202;Hâte-toi de te sauver là;SHP;1958;133;55878;non;oui;58-0202__Shp.json.gz;https://branham.fr/files/pdf/58/58-0202_HATE-TOI_DE_TE_SAUVER_LA.pdf
58-0207;Jésus-Christ Est Le Même Hier, Aujourd’hui Et Eternellement;SHP;1958;485;96854;non;oui;58-0207__Shp.json.gz;https://branham.fr/files/pdf/58/shp58-0207.pdf
58-0208;La Reine de Séba;SHP;1958;285;87958;non;oui;58-0208__Shp.json.gz;https://branham.fr/files/pdf/58/SHP58-0208.pdf
58-0209A;Ecoutez-Le;SHP;1958;334;76164;non;oui;58-0209A__Shp.json.gz;https://branham.fr/files/pdf/58/shp58-0209A.pdf
58-0209E;La Porte À L’Intérieur De La Porte;SHP;1958;414;90837;non;oui;58-0209E__Shp.json.gz;https://branham.fr/files/pdf/58/shp58-0209E.pdf
58-0214;Jésus-Christ Est Le Même Hier, Aujourd’hui Et Eternellement;SHP;1958;297;72595;non;oui;58-0214__Shp.json.gz;https://branham.fr/files/pdf/58/shp58-0214.pdf
58-0223;Jésus-Christ Est Le Même Hier, Aujourd’hui Et Éternellement;SHP;1958;365;84902;non;oui;58-0223__Shp.json.gz;https://branham.fr/files/pdf/58/shp58-0223.pdf
58-0225;L'Oeil De Dieu;SHP;1958;182;39666;non;oui;58-0225__Shp.json.gz;https://branham.fr/files/pdf/58/shp58-0225.pdf
58-0228;Ta Bonté;SHP;1958;219;74201;non;oui;58-0228__Shp.json.gz;https://branham.fr/files/pdf/58/SHP58-0228.pdf
58-0301B;La Grande commission;MS;1958;212;75593;non;oui;58-0301B__MS.json.gz;https://branham.fr/files/pdf/58/The_Great_Commission.pdf
58-0301B;La Grande commission - La Révélation spirituelle (l'atmosphère spirituelle);SHP;1958;144;76442;non;oui;58-0301B__Shp.json.gz;https://branham.fr/files/pdf/58/58-0301B_LA_GRANDE_COMMISSION_-_LA_REVELATION_SPIRITUELLE_(L_ATMOSPHERE_SPIRITUELLE).pdf
58-0301E;Ecoutez-Le;SHP;1958;404;84696;non;oui;58-0301E__Shp.json.gz;https://branham.fr/files/pdf/58/shp58-0301E.pdf
58-0302;La Porte Du Coeur;SHP;1958;378;84761;non;oui;58-0302__Shp.json.gz;https://branham.fr/files/pdf/58/shp58-0302.pdf
58-0309E;L'Eglise s’en ira-t-elle avant la tribulation;MS;1958;339;71992;non;oui;58-0309E__MS.json.gz;https://branham.fr/files/pdf/58/Will_The_Church_Go_Before_The_Tribulation.pdf
58-0309E;L'église S'en Ira-T-Elle Avant La Tribulation? (Hâte-Toi Et Viens Ici, Car Je Ne Puis Rien Faire, jusqu’à Ce Que Tu Y Sois Arrivé);SHP;1958;433;71910;non;oui;58-0309E__Shp.json.gz;https://branham.fr/files/pdf/58/shp58-0309E.pdf
58-0309M;Ecriture Sur La Muraille;SHP;1958;281;67513;non;oui;58-0309M__Shp.json.gz;https://branham.fr/files/pdf/58/shp58-0309M.pdf
58-0309M;L'écriture sur la muraille;VGR;1958;258;69299;oui;oui;58-0309M__VGR.json.gz;https://branham.fr/files/pdf/58/FRN58-0309M.pdf
58-0312;Jésus-Christ Est Le Même Hier, Aujourd’hui Et Eternellement;SHP;1958;469;91081;non;oui;58-0312__Shp.json.gz;https://branham.fr/files/pdf/58/shp58-0312.pdf
58-0313;La Reine De Séba;SHP;1958;354;79645;non;oui;58-0313__Shp.json.gz;https://branham.fr/files/pdf/58/shp58-0313.pdf
58-0314;L'Amour;SHP;1958;406;72688;non;oui;58-0314__Shp.json.gz;https://branham.fr/files/pdf/58/shp58-0314.pdf
58-0315;La Foi;MS;1958;218;67904;non;oui;58-0315__MS.json.gz;https://branham.fr/files/pdf/58/Have_Faith_In_God.pdf
58-0315;La Foi;SHP;1958;165;68590;non;oui;58-0315__Shp.json.gz;https://branham.fr/files/pdf/58/SHP58-0315.pdf
58-0316A;Pareil À L’aigle Qui Éveille Sa Couvée;SHP;1958;332;82599;non;oui;58-0316A__Shp.json.gz;https://branham.fr/files/pdf/58/shp58-0316A.pdf
58-0316E;La Porte Du Coeur;SHP;1958;622;109148;non;oui;58-0316E__Shp.json.gz;https://branham.fr/files/pdf/58/shp58-0316E.pdf
58-0323;Jésus-Christ Est Le Même Hier, Aujourd’hui Et Éternellement;SHP;1958;378;79090;non;oui;58-0323__Shp.json.gz;https://branham.fr/files/pdf/58/shp58-0323.pdf
58-0324;Ecoutez-Le;SHP;1958;402;84188;non;oui;58-0324__Shp.json.gz;https://branham.fr/files/pdf/58/shp58-0324.pdf
58-0325;La Foi Par L’Expérience;SHP;1958;345;70701;non;oui;58-0325__Shp.json.gz;https://branham.fr/files/pdf/58/shp58-0325.pdf
58-0326;Unis sous une seule tête;SHP;1958;254;68286;oui;oui;58-0326__Shp.json.gz;https://branham.fr/files/pdf/58/SHP58-0326.pdf
58-0328;Dieu Tient Sa Parole;SHP;1958;228;39001;non;oui;58-0328__Shp.json.gz;https://branham.fr/files/pdf/58/shp58-0328.pdf
58-0329;Le Puissant conquérant;SHP;1958;148;56937;non;oui;58-0329__Shp.json.gz;https://branham.fr/files/pdf/58/SHP58-0329.pdf
58-0330A;Entretien Sur L'Oeuvre Missionnaire;SHP;1958;509;79891;non;oui;58-0330A__Shp.json.gz;https://branham.fr/files/pdf/58/shp58-0330A.pdf
58-0330E;Christ Frappe À La Porte;SHP;1958;311;73606;non;oui;58-0330E__Shp.json.gz;https://branham.fr/files/pdf/58/shp58-0330E.pdf
58-0406E;Évidence De La Résurrection;SHP;1958;340;71902;non;oui;58-0406E__Shp.json.gz;https://branham.fr/files/pdf/58/shp58-0406E.pdf
58-0406S;Je Sais Que Mon Rédempteur Est Vivant;SHP;1958;240;56807;non;oui;58-0406S__Shp.json.gz;https://branham.fr/files/pdf/58/shp58-0406S.pdf
58-0500;L’Aigle Qui Éveille Sa Couvée;SHP;1958;275;60535;non;oui;58-0500__Shp.json.gz;https://branham.fr/files/pdf/58/shp58-0500.pdf
58-0501;Nous Voudrions Voir Jésus;SHP;1958;312;69157;non;oui;58-0501__Shp.json.gz;https://branham.fr/files/pdf/58/shp58-0501.pdf
58-0503;La Reine De Séba;SHP;1958;361;81761;non;oui;58-0503__Shp.json.gz;https://branham.fr/files/pdf/58/shp58-0503.pdf
58-0508;L'Expectative;MS;1958;253;68091;oui;oui;58-0508__MS.json.gz;https://branham.fr/files/pdf/58/The_Expectation.pdf
58-0508;Expectative;SHP;1958;285;68238;non;oui;58-0508__Shp.json.gz;https://branham.fr/files/pdf/58/shp58-0508.pdf
58-0510;Ayez foi en Dieu;SHP;1958;275;82137;non;oui;58-0510__Shp.json.gz;https://branham.fr/files/pdf/58/SHP58-0510.pdf
58-0512;LA VIE (Avoir soif de la Vie);SHP;1958;494;90270;non;oui;58-0512__SHP.json.gz;https://branham.fr/files/pdf/58/58-0512.pdf
58-0515;Jésus-Christ Est Le Même Hier, Aujourd’hui Et Éternellement;SHP;1958;369;78151;non;oui;58-0515__Shp.json.gz;https://branham.fr/files/pdf/58/shp58-0515.pdf
58-0517;ZACHEE;SHP;1958;235;53572;non;oui;58-0517__SHP.json.gz;https://branham.fr/files/pdf/58/58-0517.pdf
58-0517E;Le Péché D’Incrédulité;MS;1958;246;68088;non;oui;58-0517E__MS.json.gz;https://branham.fr/files/pdf/58/The_Sin_of_Unbelief.pdf
58-0517E;Le Péché D'Incrédulité;SHP;1958;302;68449;non;oui;58-0517E__Shp.json.gz;https://branham.fr/files/pdf/58/shp58-0517E.pdf
58-0518;UNE FOI EPROUVEE PRODUIT DES RESULTATS;SHP;1958;369;88494;non;oui;58-0518__SHP.json.gz;https://branham.fr/files/pdf/58/58-0518.pdf
58-0519;LA VIE;SHP;1958;426;83587;non;oui;58-0519__SHP.json.gz;https://branham.fr/files/pdf/58/58-0519.pdf
58-0520;LE SIGNE DU TEMPS;SHP;1958;311;75540;non;oui;58-0520__SHP.json.gz;https://branham.fr/files/pdf/58/58-0520.pdf
58-0521;Voici, Je Me Tiens À La Porte Et Je Frappe;SHP;1958;510;94423;non;oui;58-0521__Shp.json.gz;https://branham.fr/files/pdf/58/shp58-0521.pdf
58-0523;Nous Voudrions Voir Jésus;SHP;1958;350;74996;non;oui;58-0523__Shp.json.gz;https://branham.fr/files/pdf/58/shp58-0523.pdf
58-0524;Jésus De Nazareth Passe;SHP;1958;421;80144;non;oui;58-0524__Shp.json.gz;https://branham.fr/files/pdf/58/shp58-0524.pdf
58-0528;Le Signe Du Messie;SHP;1958;151;33037;non;oui;58-0528__Shp.json.gz;https://branham.fr/files/pdf/58/shp58-0528.pdf
58-0529;Jésus À La Porte;SHP;1958;350;71535;non;oui;58-0529__Shp.json.gz;https://branham.fr/files/pdf/58/shp58-0529.pdf
58-0530;LA FOI EPROUVEE AU FIL DU TEMPS;SHP;1958;409;85692;non;oui;58-0530__SHP.json.gz;https://branham.fr/files/pdf/58/58-0530.pdf
58-0609;MESSAGE A L’EGLISE DE LAODICEE;SHP;1958;191;53141;non;oui;58-0609__SHP.json.gz;https://branham.fr/files/pdf/58/58-0609.pdf
58-0610;LE PUISSANT CONQUERANT;SHP;1958;261;50723;non;oui;58-0610__SHP.json.gz;https://branham.fr/files/pdf/58/58-0610.pdf
58-0611;AVOIR SOIF DE LA VIE;SHP;1958;361;88365;non;oui;58-0611__SHP.json.gz;https://branham.fr/files/pdf/58/58-0611.pdf
58-0612;Nous Voudrions Voir Jésus;SHP;1958;449;95924;non;oui;58-0612__Shp.json.gz;https://branham.fr/files/pdf/58/shp58-0612.pdf
58-0613;La Reine Du Midi;SHP;1958;503;101391;non;oui;58-0613__Shp.json.gz;https://branham.fr/files/pdf/58/shp58-0613.pdf
58-0617;Voici, Je Me Tiens À La Porte Et Je Frappe;SHP;1958;312;65189;non;oui;58-0617__Shp.json.gz;https://branham.fr/files/pdf/58/shp58-0617.pdf
58-0618;Écriture Sur La Muraille;SHP;1958;258;61535;non;oui;58-0618__Shp.json.gz;https://branham.fr/files/pdf/58/shp58-0618.pdf
58-0619B;Vous devez naître de nouveau;MS;1958;176;55891;non;oui;58-0619B__MS.json.gz;https://branham.fr/files/pdf/58/Ye_Must_Be_Born_Again.pdf
58-0619B;Vous devez naitre de nouveau;SHP;1958;136;56201;non;oui;58-0619B__Shp.json.gz;https://branham.fr/files/pdf/58/SHP58-0619B.pdf
58-0619E;Pouvons-Nous Voir Jésus?;SHP;1958;382;90395;non;oui;58-0619E__Shp.json.gz;https://branham.fr/files/pdf/58/shp58-0619E.pdf
58-0620;La Reine Du Midi;SHP;1958;334;89772;non;oui;58-0620__Shp.json.gz;https://branham.fr/files/pdf/58/shp58-0620.pdf
58-0625;Il y a ici un plus grand que Salomon;MS;1958;405;110043;non;oui;58-0625__MS.json.gz;https://branham.fr/files/pdf/58/Greater_Than_Solomon_Is_Here.pdf
58-0625;Il Y A Ici Plus Que Salomon;SHP;1958;498;116178;non;oui;58-0625__Shp.json.gz;https://branham.fr/files/pdf/58/shp58-0625.pdf
58-0720E;L'Ordination des diacres;SHP;1958;52;18829;oui;oui;58-0720E__Shp.json.gz;https://branham.fr/files/pdf/58/SHP58-0720E.pdf
58-0720E;Mise En Place Des Diacres;VGR;1958;51;19148;oui;oui;58-0720E__VGR.json.gz;https://branham.fr/files/pdf/58/FRN58-0720e.pdf
58-0720M;C’est Par La Foi Que Moïse;SHP;1958;237;56404;non;oui;58-0720M__Shp.json.gz;https://branham.fr/files/pdf/58/shp58-0720M.pdf
58-0927;POURQUOI NOUS NE SOMMES PAS UNE DENOMINATION?;SHP;1958;822;170710;oui;oui;58-0927__SHP.json.gz;https://branham.fr/files/pdf/58/58-0927.pdf
58-0928E;La Semence Du Serpent;MS;1958;535;124165;oui;oui;58-0928E__MS.json.gz;https://branham.fr/files/pdf/58/The_Serpents_Seed.pdf
58-0928E;La Semence Du Serpent;SHP;1958;410;122900;oui;oui;58-0928E__Shp.json.gz;https://branham.fr/files/pdf/58/SHP58-0928E.pdf
58-0928E;La Semence Du Serpent;VGR;1958;614;123504;oui;oui;58-0928E__VGR.json.gz;https://branham.fr/files/pdf/58/FRN58-0928e.pdf
58-0928M;Le Baptême du Saint-Esprit;MS;1958;462;125776;oui;oui;58-0928M__MS.json.gz;https://branham.fr/files/pdf/58/The_Baptism_Of_The_Holy_Spirit.pdf
58-0928M;Le Baptême Du Saint-Esprit - Le Saint-Esprit Expliqué Ou Le Nom De Jésus;SHP;1958;567;126021;non;oui;58-0928M__Shp.json.gz;https://branham.fr/files/pdf/58/shp58-0928M.pdf
58-1001;Le Faire Sortir De L’Histoire;SHP;1958;209;58033;non;oui;58-1001__Shp.json.gz;https://branham.fr/files/pdf/58/shp58-1001.pdf
58-1002;Mais Au Commencement, Il N’En Était Pas Ainsi;SHP;1958;294;64477;non;oui;58-1002__Shp.json.gz;https://branham.fr/files/pdf/58/shp58-1002.pdf
58-1003;Regarder À L’Invisible;SHP;1958;367;83226;non;oui;58-1003__Shp.json.gz;https://branham.fr/files/pdf/58/shp58-1003.pdf
58-1004;La foi, c’est notre victoire;MS;1958;301;81101;non;oui;58-1004__MS.json.gz;https://branham.fr/files/pdf/58/Faith_Is_Our_Victory.pdf
58-1004;La Foi, C'est Notre Victoire;SHP;1958;353;81794;non;oui;58-1004__Shp.json.gz;https://branham.fr/files/pdf/58/shp58-1004.pdf
58-1005E;Un Homme Appelé De Dieu;SHP;1958;536;103654;oui;oui;58-1005E__Shp.json.gz;https://branham.fr/files/pdf/58/shp58-1005E.pdf
58-1005E;Un Homme Appelé De Dieu;VGR;1958;512;106382;oui;oui;58-1005E__VGR.json.gz;https://branham.fr/files/pdf/58/FRN58-1005e.pdf
58-1005M;Entends sa voix;MS;1958;379;84880;oui;oui;58-1005M__MS.json.gz;https://branham.fr/files/pdf/58/Hear_His_Voice.pdf
58-1005M;Ecouter sa voix;SHP;1958;273;89464;oui;oui;58-1005M__Shp.json.gz;https://branham.fr/files/pdf/58/SHP58-1005M.pdf
58-1005M;ÉCOUTEZ SA VOIX;VGR;1958;402;94002;oui;oui;58-1005M__VGR.json.gz;https://branham.fr/files/pdf/58/FRN58-1005m.pdf
58-1007;L'Ordre de l'Église;MS;1958;84;28866;oui;oui;58-1007__MS.json.gz;https://branham.fr/files/pdf/58/Church_Order.pdf
58-1007;L'Ordre de l'Eglise;SHP;1958;74;28900;oui;oui;58-1007__Shp.json.gz;https://branham.fr/files/pdf/58/SHP58-1007.pdf
58-1007;L’Ordre De L’Église;VGR;1958;77;29307;oui;oui;58-1007__VGR.json.gz;https://branham.fr/files/pdf/58/FRN58-1007.pdf
58-1012;Le Départ secret et soudain de l'Église;MS;1958;257;64621;oui;oui;58-1012__MS.json.gz;https://branham.fr/files/pdf/58/The_Sudden,_Secret_Going_Away_Of_The_Church.pdf
58-1012;Le Départ Secret Et Soudain de l'Eglise;SHP;1958;321;64701;oui;oui;58-1012__Shp.json.gz;https://branham.fr/files/pdf/58/SHP58-1012.pdf
58-1130;Sentinelle, qu'en est-il de la nuit?;MS;1958;349;80676;non;oui;58-1130__MS.json.gz;https://branham.fr/files/pdf/58/Watchman,_What_Of_The_Night.pdf
58-1130;Sentinelle, qu'en est-il de la nuit ?;SHP;1958;272;80900;non;oui;58-1130__Shp.json.gz;https://branham.fr/files/pdf/58/58-1130_SENTINELLE_QU_EN_EST-IL_DE_LA_NUIT.pdf
58-1221E;L'Unité d’un seul Dieu dans une seule église;MS;1958;328;74477;non;oui;58-1221E__MS.json.gz;https://branham.fr/files/pdf/58/The_Unity_Of_One_God_In_The_One_Church.pdf
58-1221E;L'Unité d'un seul Dieu dans une seule Eglise;SHP;1958;247;74781;non;oui;58-1221E__Shp.json.gz;https://branham.fr/files/pdf/58/SHP58-1221E.pdf
58-1221M;Où Est-Il, Le Roi Des Juifs?;SHP;1958;421;90800;non;oui;58-1221M__Shp.json.gz;https://branham.fr/files/pdf/58/shp58-1221M.pdf
58-1228;Pourquoi La Petite Bethléhem?;MS;1958;229;70888;oui;oui;58-1228__MS.json.gz;https://branham.fr/files/pdf/58/Why_Little_Bethlehem.pdf
58-1228;Pourquoi La Petite Bethléhem?;SHP;1958;282;71403;oui;oui;58-1228__Shp.json.gz;https://branham.fr/files/pdf/58/shp58-1228.pdf
58-1228;Pourquoi La Petite Bethléhem?;VGR;1958;259;70688;oui;oui;58-1228__VGR.json.gz;https://branham.fr/files/pdf/58/FRN58-1228.pdf
59-0125;Soyez certains de Dieu;MS;1959;220;55692;oui;oui;59-0125__MS.json.gz;https://branham.fr/files/pdf/59/Be_Certain_Of_God.pdf
59-0125;Soyez Certain De Dieu;SHP;1959;255;55750;oui;oui;59-0125__Shp.json.gz;https://branham.fr/files/pdf/59/shp59-0125.pdf
59-0125;Soyez Certains De Dieu;VGR;1959;169;55846;oui;oui;59-0125__VGR.json.gz;https://branham.fr/files/pdf/59/FRN59-0125.pdf
59-0208;L’Aveugle Bartimée;SHP;1959;172;29115;non;oui;59-0208__Shp.json.gz;https://branham.fr/files/pdf/59/shp59-0208.pdf
59-0211;Siméon et Anne;MS;1959;143;30033;non;oui;59-0211__MS.json.gz;https://branham.fr/files/pdf/59/Simeon_And_Anna.pdf
59-0211;Siméon et Anne;SHP;1959;102;30102;non;oui;59-0211__Shp.json.gz;https://branham.fr/files/pdf/59/SHP59-0211.pdf
59-0301E;Que fais-tu ici?;MS;1959;263;58128;oui;oui;59-0301E__MS.json.gz;https://branham.fr/files/pdf/59/What_Does_Thou_Here.pdf
59-0301E;Que Fais-Tu Ici?;SHP;1959;263;59263;non;oui;59-0301E__Shp.json.gz;https://branham.fr/files/pdf/59/shp59-0301E.pdf
59-0301M;Etroite est la porte;MS;1959;359;97137;oui;oui;59-0301M__MS.json.gz;https://branham.fr/files/pdf/59/Strait_Is_The_Gate.pdf
59-0301M;Étroite Est La Porte;SHP;1959;421;98756;non;oui;59-0301M__Shp.json.gz;https://branham.fr/files/pdf/59/shp59-0301M.pdf
59-0301M;Etroite Est La Porte;VGR;1959;240;97638;oui;oui;59-0301M__VGR.json.gz;https://branham.fr/files/pdf/59/FRN59-0301M.pdf
59-0329E;Le Signe Du Messie;SHP;1959;238;48168;non;oui;59-0329E__Shp.json.gz;https://branham.fr/files/pdf/59/shp59-0329E.pdf
59-0329M;Le Baptême D'Eau (Service De Baptême À Pâques);SHP;1959;430;86713;non;oui;59-0329M__Shp.json.gz;https://branham.fr/files/pdf/59/shp59-0329M.pdf
59-0329S;Vivant, mourant, enseveli, ressuscitant, revenant;MS;1959;172;37234;oui;oui;59-0329S__MS.json.gz;https://branham.fr/files/pdf/59/Living,_Dying,_Buried,_Rising,_Coming.pdf
59-0329S;Vivant, Mourant, Enseveli, Ressuscitant, Revenant;SHP;1959;191;36959;non;oui;59-0329S__Shp.json.gz;https://branham.fr/files/pdf/59/shp59-0329S.pdf
59-0329S;Vivant, Mourant, Enseveli, Ressuscitant, Revenant;VGR;1959;133;37398;oui;oui;59-0329S__VGR.json.gz;https://branham.fr/files/pdf/59/FRN59-0329s.pdf
59-0403;Vivant, Mourant, Enseveli, Ressuscitant, Revenant;SHP;1959;298;62020;non;oui;59-0403__Shp.json.gz;https://branham.fr/files/pdf/59/shp59-0403.pdf
59-0404;Quelles sont les œuvres de Dieu ?;SHP;1959;140;51617;non;oui;59-0404__Shp.json.gz;https://branham.fr/files/pdf/59/SHP59-0404.pdf
59-0405A;Au commencement, il n'en était pas ainsi;SHP;1959;75;29924;non;oui;59-0405A__Shp.json.gz;https://branham.fr/files/pdf/59/SHP59-0405A.pdf
59-0405E;La Reine De Séba;SHP;1959;312;66584;non;oui;59-0405E__Shp.json.gz;https://branham.fr/files/pdf/59/shp59-0405E.pdf
59-0406;Le Nouveau Ministère (William Branham);MS;1959;239;61226;non;oui;59-0406__MS.json.gz;https://branham.fr/files/pdf/59/New_Ministry.pdf
59-0406;Le Nouveau ministère de William;SHP;1959;195;61704;non;oui;59-0406__Shp.json.gz;https://branham.fr/files/pdf/59/SHP59-0406.pdf
59-0407;Conduit Par L'Esprit;SHP;1959;486;82176;non;oui;59-0407__Shp.json.gz;https://branham.fr/files/pdf/59/shp59-0407.pdf
59-0408;L’Aveugle Bartimée;SHP;1959;196;62227;non;oui;59-0408__Shp.json.gz;https://branham.fr/files/pdf/59/SHP59-0408.pdf
59-0409;La Foi De Marie;SHP;1959;221;57670;non;oui;59-0409__Shp.json.gz;https://branham.fr/files/pdf/59/shp59-0409.pdf
59-0410;Regarder À L’Invisible;SHP;1959;301;69651;non;oui;59-0410__Shp.json.gz;https://branham.fr/files/pdf/59/shp59-0410.pdf
59-0411B;Témoignage;SHP;1959;77;16917;non;oui;59-0411B__Shp.json.gz;https://branham.fr/files/pdf/59/shp59-0411B.pdf
59-0411E;Observant Son Étoile;SHP;1959;171;43096;non;oui;59-0411E__Shp.json.gz;https://branham.fr/files/pdf/59/shp59-0411E.pdf
59-0412A;Soyez Certain De Dieu;SHP;1959;177;41785;non;oui;59-0412A__Shp.json.gz;https://branham.fr/files/pdf/59/shp59-0412A.pdf
59-0412E;Qu’Entends-Tu, Élie?;SHP;1959;438;86740;non;oui;59-0412E__Shp.json.gz;https://branham.fr/files/pdf/59/shp59-0412E.pdf
59-0414;Avoir Soif De La Vie;SHP;1959;254;58164;non;oui;59-0414__Shp.json.gz;https://branham.fr/files/pdf/59/shp59-0414.pdf
59-0415A;La Voie À Laquelle Dieu A Pourvue;SHP;1959;361;75370;non;oui;59-0415A__Shp.json.gz;https://branham.fr/files/pdf/59/shp59-0415A.pdf
59-0415E;La Foi D’Abraham;SHP;1959;435;82614;non;oui;59-0415E__Shp.json.gz;https://branham.fr/files/pdf/59/shp59-0415E.pdf
59-0416;El-shaddaï;MS;1959;312;77884;oui;oui;59-0416__MS.json.gz;https://branham.fr/files/pdf/59/El-Shaddai.pdf
59-0416;El-shaddaï;SHP;1959;201;78165;oui;oui;59-0416__Shp.json.gz;https://branham.fr/files/pdf/59/SHP59-0416.pdf
59-0417;Jéhovah-Jiré;SHP;1959;235;81126;non;oui;59-0417__Shp.json.gz;https://branham.fr/files/pdf/59/SHP59-0417.pdf
59-0418;Un Temps De Décision;SHP;1959;515;99974;non;oui;59-0418__Shp.json.gz;https://branham.fr/files/pdf/59/shp59-0418.pdf
59-0419A;L'histoire de ma vie;MS;1959;396;126743;oui;oui;59-0419A__MS.json.gz;https://branham.fr/files/pdf/59/Life_Story.pdf
59-0419A;Histoire De Ma Vie;SHP;1959;654;128178;non;oui;59-0419A__Shp.json.gz;https://branham.fr/files/pdf/59/shp59-0419A.pdf
59-0419A;L’Histoire De Ma Vie;VGR;1959;334;127916;oui;oui;59-0419A__VGR.json.gz;https://branham.fr/files/pdf/59/FRN59-0419a.pdf
59-0419E;Montre-Nous Le Père Et Cela Nous Suffit;SHP;1959;503;102191;non;oui;59-0419E__Shp.json.gz;https://branham.fr/files/pdf/59/shp59-0419E.pdf
59-0422;Nous Voudrions Voir Jésus;SHP;1959;382;98403;non;oui;59-0422__Shp.json.gz;https://branham.fr/files/pdf/59/shp59-0422.pdf
59-0423;La Postérité D'Abraham;SHP;1959;337;63040;non;oui;59-0423__Shp.json.gz;https://branham.fr/files/pdf/59/shp59-0423.pdf
59-0424A;Le Fidèle Abraham;SHP;1959;324;63046;non;oui;59-0424A__Shp.json.gz;https://branham.fr/files/pdf/59/shp59-0424A.pdf
59-0424E;Ecoutez-Le;SHP;1959;455;96314;non;oui;59-0424E__Shp.json.gz;https://branham.fr/files/pdf/59/shp59-0424E.pdf
59-0510E;Qui Est Celui-Ci?;SHP;1959;215;51383;non;oui;59-0510E__Shp.json.gz;https://branham.fr/files/pdf/59/shp59-0510E.pdf
59-0510M;La Fête des mères;MS;1959;163;42321;oui;oui;59-0510M__MS.json.gz;https://branham.fr/files/pdf/59/Mothers_Day.pdf
59-0510M;La Fête Des Mères;SHP;1959;168;42731;non;oui;59-0510M__Shp.json.gz;https://branham.fr/files/pdf/59/shp59-0510M.pdf
59-0510M;La fête des Mères;VGR;1959;142;43961;oui;oui;59-0510M__VGR.json.gz;https://branham.fr/files/pdf/59/FRN59-0510M.pdf
59-0525;Des Images de Christ;MS;1959;283;70656;oui;oui;59-0525__MS.json.gz;https://branham.fr/files/pdf/59/Images_Of_Christ.pdf
59-0525;Les Images de Christ;SHP;1959;203;74828;oui;oui;59-0525__Shp.json.gz;https://branham.fr/files/pdf/59/59-0525_LES_IMAGES_DE_CHRIST.pdf
59-0525;Des Images De Christ;VGR;1959;305;75894;oui;oui;59-0525__VGR.json.gz;https://branham.fr/files/pdf/59/FRN59-0525.pdf
59-0609;Qu’Entends-Tu, Élie?;SHP;1959;322;74717;non;oui;59-0609__Shp.json.gz;https://branham.fr/files/pdf/59/shp59-0609.pdf
59-0610;Quand j’ai réfléchi à mes voies;MS;1959;159;45626;non;oui;59-0610__MS.json.gz;https://branham.fr/files/pdf/59/As_I_Thought_On_My_Way.pdf
59-0610;Quand j'ai réfléchi à mes voies;SHP;1959;138;46136;non;oui;59-0610__Shp.json.gz;https://branham.fr/files/pdf/59/SHP59-0610.pdf
59-0611;Le temps de décision;MS;1959;163;41923;non;oui;59-0611__MS.json.gz;https://branham.fr/files/pdf/59/The_Time_Of_Decision.pdf
59-0611;Le Temps De Décision;SHP;1959;197;42674;non;oui;59-0611__Shp.json.gz;https://branham.fr/files/pdf/59/shp59-0611.pdf
59-0612;Tous Les Jours De Notre Vie;SHP;1959;455;95156;non;oui;59-0612__Shp.json.gz;https://branham.fr/files/pdf/59/shp59-0612.pdf
59-0613;Avoir Soif De La Vie;SHP;1959;208;53767;non;oui;59-0613__Shp.json.gz;https://branham.fr/files/pdf/59/shp59-0613.pdf
59-0614;Du Baume En Galaad;SHP;1959;382;82917;non;oui;59-0614__Shp.json.gz;https://branham.fr/files/pdf/59/shp59-0614.pdf
59-0628E;Questions Et Réponses;SHP;1959;497;114455;non;oui;59-0628E__Shp.json.gz;https://branham.fr/files/pdf/59/shp59-0628E.pdf
59-0628E;Questions Et Réponses;VGR;1959;490;117684;oui;oui;59-0628E__VGR.json.gz;https://branham.fr/files/pdf/59/FRN59-0628E.pdf
59-0628M;Une Église séduite par le monde;MS;1959;199;60871;oui;oui;59-0628M__MS.json.gz;https://branham.fr/files/pdf/59/A_Deceived_ Church_By_The_World.pdf
59-0628M;Une Église Séduite Par Le Monde;SHP;1959;260;61715;non;oui;59-0628M__Shp.json.gz;https://branham.fr/files/pdf/59/shp59-0628M.pdf
59-0628M;Une Eglise Séduite Par Le Monde;VGR;1959;155;61681;oui;oui;59-0628M__VGR.json.gz;https://branham.fr/files/pdf/59/FRN59-0628M.pdf
59-0702;Où est partie ta force, Samson?;SHP;1959;191;51834;non;oui;59-0702__Shp.json.gz;https://branham.fr/files/pdf/59/Shp59-0702.pdf
59-0706;Réfléchissons À Nos Voies;SHP;1959;221;51735;non;oui;59-0706__Shp.json.gz;https://branham.fr/files/pdf/59/shp59-0706.pdf
59-0707;Du baume en Galaad;SHP;1959;221;83095;non;oui;59-0707__Shp.json.gz;https://branham.fr/files/pdf/59/SHP59-0707.pdf
59-0708E;Soyez Certain De Dieu;SHP;1959;490;93393;non;oui;59-0708E__Shp.json.gz;https://branham.fr/files/pdf/59/shp59-0708E.pdf
59-0708M;La Dédicace d’une Église;MS;1959;179;53226;non;oui;59-0708M__MS.json.gz;https://branham.fr/files/pdf/59/Church_Dedication.pdf
59-0708M;La Dédicace D'Une Eglise;SHP;1959;216;53641;non;oui;59-0708M__Shp.json.gz;https://branham.fr/files/pdf/59/shp59-0708M.pdf
59-0712;Une Délivrance totale;MS;1959;182;62223;oui;oui;59-0712__MS.json.gz;https://branham.fr/files/pdf/59/A_Total_Deliverance.pdf
59-0712;Une Délivrance totale;SHP;1959;153;61124;oui;oui;59-0712__Shp.json.gz;https://branham.fr/files/pdf/59/SHP59-0712.pdf
59-0712;Une Délivrance Totale;VGR;1959;149;62567;oui;oui;59-0712__VGR.json.gz;https://branham.fr/files/pdf/59/FRN59-0712.pdf
59-0802;Sans argent, sans rien payer;MS;1959;219;55898;oui;oui;59-0802__MS.json.gz;https://branham.fr/files/pdf/59/Without_Money_Or_Without_Price.pdf
59-0802;Sans argent, sans rien payer (Le Salut sans rien payer);SHP;1959;172;56045;oui;oui;59-0802__Shp.json.gz;https://branham.fr/files/pdf/59/SHP59-0802.pdf
59-0810;La Réaction À Une Action;SHP;1959;267;69516;non;oui;59-0810__Shp.json.gz;https://branham.fr/files/pdf/59/shp59-0810.pdf
59-0811;C’est Moi, N’ayez Pas Peur;SHP;1959;318;65596;non;oui;59-0811__Shp.json.gz;https://branham.fr/files/pdf/59/shp59-0811.pdf
59-0812;Discerner le corps du seigneur;SHP;1959;157;58904;non;oui;59-0812__Shp.json.gz;https://branham.fr/files/pdf/59/SHP59-0812.pdf
59-0813;Pourquoi?;MS;1959;293;61813;non;oui;59-0813__MS.json.gz;https://branham.fr/files/pdf/59/Why.pdf
59-0813;Pourquoi ?  (Du Baume en Galaad);SHP;1959;230;62768;non;oui;59-0813__Shp.json.gz;https://branham.fr/files/pdf/59/SHP59-0813.pdf
59-0814;Quand J’ai Réfléchi À Mes Voies;SHP;1959;453;90202;non;oui;59-0814__Shp.json.gz;https://branham.fr/files/pdf/59/shp59-0814.pdf
59-0815;Pareil À L’Aigle Qui Éveille Sa Couvée;SHP;1959;482;113878;non;oui;59-0815__Shp.json.gz;https://branham.fr/files/pdf/59/shp59-0815.pdf
59-0823;Le Gazam, La Sauterelle, Le Jélek Et Le Hasil;SHP;1959;470;109551;non;oui;59-0823__Shp.json.gz;https://branham.fr/files/pdf/59/shp59-0823.pdf
59-0920;Planter la vigne et où la planter;SHP;1959;277;81925;non;oui;59-0920__Shp.json.gz;https://branham.fr/files/pdf/59/SHP59-0920.pdf
59-1001;Qu'êtes-Vous Allés Voir? (Qu'êtes-Vous Venus Entendre?);SHP;1959;430;70589;non;oui;59-1001__Shp.json.gz;https://branham.fr/files/pdf/59/shp59-1001.pdf
59-1004E;Pourquoi Crier? Parle! (Attitude Envers L’Oint De Dieu);SHP;1959;374;79557;non;oui;59-1004E__Shp.json.gz;https://branham.fr/files/pdf/59/shp59-1004E.pdf
59-1004M;Qui Est Celui-Ci?;SHP;1959;405;82982;non;oui;59-1004M__Shp.json.gz;https://branham.fr/files/pdf/59/shp59-1004M.pdf
59-1108;Possédant les portes de l'ennemi;MS;1959;250;74648;oui;oui;59-1108__MS.json.gz;https://branham.fr/files/pdf/59/Possessing_The_Enemys_Gates.pdf
59-1108;Posséder Les Portes De L’Ennemi;SHP;1959;322;76027;non;oui;59-1108__Shp.json.gz;https://branham.fr/files/pdf/59/shp59-1108.pdf
59-1108;Possédant Les Portes De L’Ennemi;VGR;1959;158;74671;oui;oui;59-1108__VGR.json.gz;https://branham.fr/files/pdf/59/FRN59-1108.pdf
59-1115;Mon Nouveau Ministère;SHP;1959;493;105489;non;oui;59-1115__Shp.json.gz;https://branham.fr/files/pdf/59/shp59-1115.pdf
59-1120;Un Prophète Comme Moïse;SHP;1959;236;71306;non;oui;59-1120__Shp.json.gz;https://branham.fr/files/pdf/59/shp59-1120.pdf
59-1121;Ta Postérité Possédera La Porte De Son Ennemi;SHP;1959;191;49816;non;oui;59-1121__Shp.json.gz;https://branham.fr/files/pdf/59/shp59-1121.pdf
59-1122;Qui est celui-ci ?;SHP;1959;182;69523;non;oui;59-1122__Shp.json.gz;https://branham.fr/files/pdf/59/SHP59-1122.pdf
59-1123;Parle à cette montagne;MS;1959;315;101474;oui;oui;59-1123__MS.json.gz;https://branham.fr/files/pdf/59/Speak_To_This_Mountain.pdf
59-1123;Parle à cette montagne;SHP;1959;207;103805;oui;oui;59-1123__Shp.json.gz;https://branham.fr/files/pdf/59/SHP59-1123.pdf
59-1124;Du Baume En Galaad;SHP;1959;324;70927;non;oui;59-1124__Shp.json.gz;https://branham.fr/files/pdf/59/shp59-1124.pdf
59-1125;Au Commencement, Il N’en Était Pas Ainsi;SHP;1959;380;89238;non;oui;59-1125__Shp.json.gz;https://branham.fr/files/pdf/59/shp59-1125.pdf
59-1126;Le Jéhovah des miracles;SHP;1959;216;82073;non;oui;59-1126__Shp.json.gz;https://branham.fr/files/pdf/59/59-1126_LE_JEHOVAH_DES_MIRACLES.pdf
59-1127;L'Aveugle Bartimée;SHP;1959;490;81300;non;oui;59-1127__Shp.json.gz;https://branham.fr/files/pdf/59/shp59-1127.pdf
59-1128;La Porte Du Coeur;SHP;1959;357;68212;non;oui;59-1128__Shp.json.gz;https://branham.fr/files/pdf/59/shp59-1128.pdf
59-1129;Voir Dieu;SHP;1959;669;127458;non;oui;59-1129__Shp.json.gz;https://branham.fr/files/pdf/59/shp59-1129.pdf
59-1216;Qu’est-ce que le Saint-Esprit?;MS;1959;379;88880;oui;oui;59-1216__MS.json.gz;https://branham.fr/files/pdf/59/What_Is_The_Holy_Ghost.pdf
59-1216;Qu’Est-Ce Que Le Saint-Esprit?;SHP;1959;453;87669;non;oui;59-1216__Shp.json.gz;https://branham.fr/files/pdf/59/shp59-1216.pdf
59-1216;Qu’est-ce Que Le Saint-Esprit?;VGR;1959;318;89539;oui;oui;59-1216__VGR.json.gz;https://branham.fr/files/pdf/59/FRN59-1216.pdf
59-1217;Pourquoi le Saint- Esprit a-t-il été donné?;MS;1959;508;112984;oui;oui;59-1217__MS.json.gz;https://branham.fr/files/pdf/59/What_Was_The_Holy_Ghost_Given_For.pdf
59-1217;Pourquoi Le Saint-Esprit A-T-Il Eté Donné?;SHP;1959;551;111997;non;oui;59-1217__Shp.json.gz;https://branham.fr/files/pdf/59/shp59-1217.pdf
59-1217;Pourquoi Le Saint-Esprit A-t-il Été Donné?;VGR;1959;372;113679;oui;oui;59-1217__VGR.json.gz;https://branham.fr/files/pdf/59/FRN59-1217.pdf
59-1219;Questions et réponses sur le Saint-Esprit;SHP;1959;420;149656;oui;oui;59-1219__Shp.json.gz;https://branham.fr/files/pdf/59/SHP59-1219.pdf
59-1219;Questions Et Réponses Sur Le Saint-Esprit;VGR;1959;619;152512;oui;oui;59-1219__VGR.json.gz;https://branham.fr/files/pdf/59/FRN59-1219.pdf
59-1220E;Identifié À Christ;SHP;1959;362;77176;oui;oui;59-1220E__Shp.json.gz;https://branham.fr/files/pdf/59/shp59-1220E.pdf
59-1220E;S’identifier à Christ;VGR;1959;220;78518;oui;oui;59-1220E__VGR.json.gz;https://branham.fr/files/pdf/59/FRN59-1220E.pdf
59-1220M;Conférence avec Dieu;SHP;1959;291;106240;non;oui;59-1220M__Shp.json.gz;https://branham.fr/files/pdf/59/59-1220M_CONFERENCE_AVEC_DIEU.pdf
59-1223;Questions et réponses;MS;1959;436;112504;non;oui;59-1223__MS.json.gz;https://branham.fr/files/pdf/59/Questions_And_Answers.pdf
59-1223;Questions Et Réponses;SHP;1959;264;118015;oui;oui;59-1223__Shp.json.gz;https://branham.fr/files/pdf/59/SHP59-1223.pdf
59-1223;Questions Et Réponses;VGR;1959;481;118100;oui;oui;59-1223__VGR.json.gz;https://branham.fr/files/pdf/59/FRN59-1223.pdf
59-1227E;Un super sens;MS;1959;327;73317;oui;oui;59-1227E__MS.json.gz;https://branham.fr/files/pdf/59/A Super_Sense.pdf
59-1227E;Un Super sens;SHP;1959;241;74439;oui;oui;59-1227E__Shp.json.gz;https://branham.fr/files/pdf/59/SHP59-1227E.pdf
59-1227E;Un Super-Sens;VGR;1959;220;73592;oui;oui;59-1227E__VGR.json.gz;https://branham.fr/files/pdf/59/FRN59-1227e.pdf
59-1227M;Un Super signe;SHP;1959;248;77928;non;oui;59-1227M__Shp.json.gz;https://branham.fr/files/pdf/59/SHP59-1227M.pdf
59-1231;Et dès ce moment;MS;1959;152;44973;oui;oui;59-1231__MS.json.gz;https://branham.fr/files/pdf/59/And_From_That_Time.pdf
59-1231;Et dès ce moment-là;SHP;1959;118;44670;oui;oui;59-1231__Shp.json.gz;https://branham.fr/files/pdf/59/SHP59-1231.pdf
59-1231;Et Dès Ce Moment;VGR;1959;116;45223;oui;oui;59-1231__VGR.json.gz;https://branham.fr/files/pdf/59/FRN59-1231.pdf
60-0108;Une conférence avec Dieu;MS;1960;173;53683;non;oui;60-0108__MS.json.gz;https://branham.fr/files/pdf/60/Conference_With_God.pdf
60-0108;Une Conférence avec Dieu;SHP;1960;136;54127;non;oui;60-0108__Shp.json.gz;https://branham.fr/files/pdf/60/SHP60-0108.pdf
60-0109;Messieurs, Nous Voudrions Voir Jésus;SHP;1960;521;104596;non;oui;60-0109__Shp.json.gz;https://branham.fr/files/pdf/60/shp60-0109.pdf
60-0110;La Reine De Séba;SHP;1960;477;104148;non;oui;60-0110__Shp.json.gz;https://branham.fr/files/pdf/60/shp60-0110.pdf
60-0210;La Révélation qui m’a été donnée;MS;1960;250;57825;non;oui;60-0210__MS.json.gz;https://branham.fr/files/pdf/60/Testimony.pdf
60-0210;Témoignage de William Branham;SHP;1960;199;58560;non;oui;60-0210__Shp.json.gz;https://branham.fr/files/pdf/60/SHP60-0210.pdf
60-0210E;Et Dès Ce Moment-Là;SHP;1960;202;36041;non;oui;60-0210E__Shp.json.gz;https://branham.fr/files/pdf/60/shp60-0210E.pdf
60-0221;Entendre, reconnaître et agir sur la Parole de Dieu;SHP;1960;492;109164;non;oui;60-0221__SHP.json.gz;https://branham.fr/files/pdf/60/60-0221.pdf
60-0228;Les Conférences;SHP;1960;276;67546;non;oui;60-0228__Shp.json.gz;https://branham.fr/files/pdf/60/shp60-0228.pdf
60-0229;La Tempête approche;MS;1960;317;67995;oui;oui;60-0229__MS.json.gz;https://branham.fr/files/pdf/60/The_Oncoming_Storm.pdf
60-0229;La Tempête approche;SHP;1960;241;68275;oui;oui;60-0229__Shp.json.gz;https://branham.fr/files/pdf/60/SHP60-0229.pdf
60-0301;Il prend soin de vous;MS;1960;322;64782;non;oui;60-0301__MS.json.gz;https://branham.fr/files/pdf/60/He_Careth_For_You.pdf
60-0301;Il prend soin de vous;SHP;1960;218;66878;non;oui;60-0301__Shp.json.gz;https://branham.fr/files/pdf/60/SHP60-0301.pdf
60-0302;Dès ce moment;SHP;1960;265;90408;non;oui;60-0302__Shp.json.gz;https://branham.fr/files/pdf/60/SHP60-0302.pdf
60-0303;La pluie de la première et de l'arrière saison;MS;1960;225;69071;non;oui;60-0303__MS.json.gz;https://branham.fr/files/pdf/60/Former_And_Latter_Rain.pdf
60-0303;La Pluie de la première et de l'arrière saison;SHP;1960;151;69274;non;oui;60-0303__Shp.json.gz;https://branham.fr/files/pdf/60/60-0303_LA_PLUIE_DE_LA_PREMIERE_ET_DE_L_ARRIERE_SAISON.pdf
60-0304;Avoir soif de la vie;MS;1960;353;91019;non;oui;60-0304__MS.json.gz;https://branham.fr/files/pdf/60/Thirsting_For_Life.pdf
60-0304;Avoir soif de la vie;SHP;1960;331;92203;non;oui;60-0304__Shp.json.gz;https://branham.fr/files/pdf/60/SHP60-0304.pdf
60-0305;N’ayez Pas Peur, C’est Moi;SHP;1960;422;85314;non;oui;60-0305__Shp.json.gz;https://branham.fr/files/pdf/60/shp60-0305.pdf
60-0306;Il N’en Était Pas Ainsi Au Commencement;SHP;1960;305;65717;non;oui;60-0306__Shp.json.gz;https://branham.fr/files/pdf/60/shp60-0306.pdf
60-0308;Discernement de l’esprit;MS;1960;191;60500;oui;oui;60-0308__MS.json.gz;https://branham.fr/files/pdf/60/Discernment_Of_Spirit.pdf
60-0308;Le Discernement De L'Esprit (L’Esprit Parle Par Le Prophète);SHP;1960;240;61000;non;oui;60-0308__Shp.json.gz;https://branham.fr/files/pdf/60/shp60-0308.pdf
60-0308;Le Discernement de l'esprit;VGR;1960;135;60443;oui;oui;60-0308__VGR.json.gz;https://branham.fr/files/pdf/60/FRN60-0308.pdf
60-0309;Pourquoi?;SHP;1960;418;84299;non;oui;60-0309__Shp.json.gz;https://branham.fr/files/pdf/60/shp60-0309.pdf
60-0310;Elie et l’offrande de farine;MS;1960;246;73466;oui;oui;60-0310__MS.json.gz;https://branham.fr/files/pdf/60/Elijah_And_The_Meal_Offering.pdf
60-0310;Elie et l'offrande de farine;SHP;1960;157;73699;oui;oui;60-0310__Shp.json.gz;https://branham.fr/files/pdf/60/SHP60-0310.pdf
60-0311;La Foi de marie;SHP;1960;241;75033;non;oui;60-0311__Shp.json.gz;https://branham.fr/files/pdf/60/SHP60-0311.pdf
60-0312;La Porte Du Coeur;SHP;1960;384;74297;non;oui;60-0312__Shp.json.gz;https://branham.fr/files/pdf/60/shp60-0312.pdf
60-0313;Ecoutez-le;MS;1960;356;86168;oui;oui;60-0313__MS.json.gz;https://branham.fr/files/pdf/60/Hear_Ye_Him.pdf
60-0313;Ecoutez-Le;SHP;1960;406;88715;non;oui;60-0313__Shp.json.gz;https://branham.fr/files/pdf/60/shp60-0313.pdf
60-0326;Le Dieu immuable;MS;1960;162;46980;non;oui;60-0326__MS.json.gz;https://branham.fr/files/pdf/60/The_Unchangeable_God.pdf
60-0326;Le Dieu immuable;SHP;1960;112;47368;non;oui;60-0326__Shp.json.gz;https://branham.fr/files/pdf/60/SHP60-0326.pdf
60-0328;Y a-t-il quelque chose qui soit trop difficile pour le seigneur?;MS;1960;159;48774;non;oui;60-0328__MS.json.gz;https://branham.fr/files/pdf/60/Is_There_Anything_Too_Hard_For_The_Lord.pdf
60-0328;Y a-t-il quelque chose qui soit trop difficile pour le seigneur ?;SHP;1960;117;48905;non;oui;60-0328__Shp.json.gz;https://branham.fr/files/pdf/60/60-0328_Y_A-T-IL_QUELQUE_CHOSE_QUI_SOIT_TROP_DIFFICILE_POUR_LE_SEIGNEUR.pdf
60-0329;C’est Moi, n’ayez pas peur;MS;1960;275;68989;non;oui;60-0329__MS.json.gz;https://branham.fr/files/pdf/60/It_Is_I,_Be_Not_Afraid.pdf
60-0329;C'est Moi, N'ayez Pas Peur;SHP;1960;368;69139;non;oui;60-0329__Shp.json.gz;https://branham.fr/files/pdf/60/shp60-0329.pdf
60-0330;L'Aveugle Bartimée;SHP;1960;326;64467;non;oui;60-0330__Shp.json.gz;https://branham.fr/files/pdf/60/shp60-0330.pdf
60-0331;Dès Ce Moment;SHP;1960;310;62207;non;oui;60-0331__Shp.json.gz;https://branham.fr/files/pdf/60/shp60-0331.pdf
60-0401E;La Reine De Séba;SHP;1960;403;80239;non;oui;60-0401E__Shp.json.gz;https://branham.fr/files/pdf/60/shp60-0401E.pdf
60-0401M;Pourquoi?;MS;1960;121;29521;non;oui;60-0401M__MS.json.gz;https://branham.fr/files/pdf/60/Why.pdf
60-0401M;Pourquoi ?;SHP;1960;76;29964;non;oui;60-0401M__Shp.json.gz;https://branham.fr/files/pdf/60/SHP60-0401M.pdf
60-0402;Crois-tu cela?;MS;1960;235;63071;non;oui;60-0402__MS.json.gz;https://branham.fr/files/pdf/60/Believest_Thou_This.pdf
60-0402;Crois-tu cela ?;SHP;1960;166;63527;non;oui;60-0402__Shp.json.gz;https://branham.fr/files/pdf/60/SHP60-0402.pdf
60-0402;Crois-tu cela?;VGR;1960;286;63991;oui;oui;60-0402__VGR.json.gz;https://branham.fr/files/pdf/60/FRN60-0402.pdf
60-0403;Les aigles de Dieu;MS;1960;249;82924;oui;oui;60-0403__MS.json.gz;https://branham.fr/files/pdf/60/As_The_Eagle_Stirreth.pdf
60-0403;Pareil À L’Aigle Qui Éveille;SHP;1960;581;108038;non;oui;60-0403__Shp.json.gz;https://branham.fr/files/pdf/60/shp60-0403.pdf
60-0417M;Allez dire! Courir sans un message;SHP;1960;508;108046;non;oui;60-0417M__SHP.json.gz;https://branham.fr/files/pdf/60/Go_Tell.pdf
60-0417S;Je sais;MS;1960;186;49079;oui;oui;60-0417S__MS.json.gz;https://branham.fr/files/pdf/60/I_Know.pdf
60-0417S;Je sais;SHP;1960;152;49133;oui;oui;60-0417S__Shp.json.gz;https://branham.fr/files/pdf/60/60-0417S_JE_SAIS.pdf
60-0515E;L'Epitre aux Ephésiens est comparable au Livre de Josué;MS;1960;232;74026;oui;oui;60-0515E__MS.json.gz;https://branham.fr/files/pdf/60/Ephesians_Parallels_Joshua.pdf
60-0515E;L'Epitre Aux Ephésiens Est Comparable Au Livre De Josué;SHP;1960;408;96947;oui;oui;60-0515E__Shp.json.gz;https://branham.fr/files/pdf/60/shp60-0515E.pdf
60-0515E;L’Epître Aux Ephésiens Est Comparable Au Livre De Josué;VGR;1960;154;74535;oui;oui;60-0515E__VGR.json.gz;https://branham.fr/files/pdf/60/FRN60-0515e.pdf
60-0515M;Le Roi rejeté;MS;1960;256;82250;oui;oui;60-0515M__MS.json.gz;https://branham.fr/files/pdf/60/The_Rejected_King.pdf
60-0515M;Le Roi rejeté;SHP;1960;251;91438;oui;oui;60-0515M__Shp.json.gz;https://branham.fr/files/pdf/60/SHP60-0515M.pdf
60-0515M;Le Roi Rejeté;VGR;1960;277;83107;oui;oui;60-0515M__VGR.json.gz;https://branham.fr/files/pdf/60/FRN60-0515m.pdf
60-0518;Les fils de Dieu Manifestés;MS;1960;424;120360;oui;oui;60-0518__MS.json.gz;https://branham.fr/files/pdf/60/Manifested_Sons_Of_God.pdf
60-0518;Les Fils De Dieu Manifestés;SHP;1960;582;122078;oui;oui;60-0518__Shp.json.gz;https://branham.fr/files/pdf/60/shp60-0518.pdf
60-0518;Les Fils de Dieu manifestés;VGR;1960;282;121091;oui;oui;60-0518__VGR.json.gz;https://branham.fr/files/pdf/60/FRN60-0518.pdf
60-0522E;L'Adoption;MS;1960;432;127450;oui;oui;60-0522E__MS.json.gz;https://branham.fr/files/pdf/60/Adoption.pdf
60-0522E;L'Adoption;SHP;1960;570;128823;oui;oui;60-0522E__Shp.json.gz;https://branham.fr/files/pdf/60/shp60-0522E.pdf
60-0522E;L'Adoption;VGR;1960;299;128269;oui;oui;60-0522E__VGR.json.gz;https://branham.fr/files/pdf/60/FRN60-0522e.pdf
60-0522M;La position en Christ;MS;1960;402;112857;oui;oui;60-0522M__MS.json.gz;https://branham.fr/files/pdf/60/Position_In_Christ.pdf
60-0522M;L'Adoption (La Position En Christ);SHP;1960;575;114048;oui;oui;60-0522M__Shp.json.gz;https://branham.fr/files/pdf/60/shp60-0522M.pdf
60-0522M;La Position En Christ;VGR;1960;293;113560;oui;oui;60-0522M__VGR.json.gz;https://branham.fr/files/pdf/60/FRN60-0522m.pdf
60-0604;À Qui Irons-Nous?;SHP;1960;486;97800;non;oui;60-0604__Shp.json.gz;https://branham.fr/files/pdf/60/shp60-0604.pdf
60-0606;À Qui Irions-Nous?;SHP;1960;497;94916;non;oui;60-0606__Shp.json.gz;https://branham.fr/files/pdf/60/shp60-0606.pdf
60-0607;Entendre, reconnaitre et agir;SHP;1960;225;89645;non;oui;60-0607__Shp.json.gz;https://branham.fr/files/pdf/60/SHP60-0607.pdf
60-0608;Tenir Des Conférences;SHP;1960;621;120362;non;oui;60-0608__Shp.json.gz;https://branham.fr/files/pdf/60/shp60-0608.pdf
60-0609;N’Ayez Pas Peur;SHP;1960;464;88957;non;oui;60-0609__Shp.json.gz;https://branham.fr/files/pdf/60/shp60-0609.pdf
60-0610;Le Roi Rejeté;SHP;1960;397;96829;non;oui;60-0610__Shp.json.gz;https://branham.fr/files/pdf/60/shp60-0610.pdf
60-0611B;La Communion;SHP;1960;311;72317;non;oui;60-0611B__Shp.json.gz;https://branham.fr/files/pdf/60/shp60-0611B.pdf
60-0611E;La foi, c’est le sixième sens;MS;1960;396;84205;non;oui;60-0611E__MS.json.gz;https://branham.fr/files/pdf/60/Faith_Is_The_Sixth_Sense.pdf
60-0611E;La Foi, C'est Le Sixième Sens;SHP;1960;546;85190;non;oui;60-0611E__Shp.json.gz;https://branham.fr/files/pdf/60/shp60-0611E.pdf
60-0612;Parle à ce rocher;MS;1960;271;67229;non;oui;60-0612__MS.json.gz;https://branham.fr/files/pdf/60/Speak_To_This_Rock.pdf
60-0612;Parle À Ce Rocher;SHP;1960;354;67970;non;oui;60-0612__Shp.json.gz;https://branham.fr/files/pdf/60/shp60-0612.pdf
60-0626;Les réalités infaillibles du Dieu vivant;MS;1960;370;100858;oui;oui;60-0626__MS.json.gz;https://branham.fr/files/pdf/60/The_Unfailing_Realities_Of_The_Living_God.pdf
60-0626;Les Réalités Infaillibles Du Dieu Vivant;SHP;1960;495;105311;oui;oui;60-0626__Shp.json.gz;https://branham.fr/files/pdf/60/shp60-0626.pdf
60-0630;L'approche à laquelle Dieu a pourvu pour communier;MS;1960;178;61809;non;oui;60-0630__MS.json.gz;https://branham.fr/files/pdf/60/Gods_Provided_Approach_To_Divine_Fellowship.pdf
60-0630;L'Approche À Laquelle Dieu A Pourvue Pour Communier;SHP;1960;233;62367;non;oui;60-0630__Shp.json.gz;https://branham.fr/files/pdf/60/shp60-0630.pdf
60-0708;Messieurs, Nous Voudrions Voir Jésus;SHP;1960;544;109696;non;oui;60-0708__Shp.json.gz;https://branham.fr/files/pdf/60/shp60-0708.pdf
60-0709;Approche À Laquelle Dieu A Pourvue Pour La Communion;SHP;1960;492;104154;non;oui;60-0709__Shp.json.gz;https://branham.fr/files/pdf/60/shp60-0709.pdf
60-0710;La Reine De Séba;SHP;1960;591;126771;non;oui;60-0710__Shp.json.gz;https://branham.fr/files/pdf/60/shp60-0710.pdf
60-0711;La Porte dans la porte;SHP;1960;314;89119;non;oui;60-0711__Shp.json.gz;https://branham.fr/files/pdf/60/SHP60-0711.pdf
60-0712;Ecoutez-le (adoption);SHP;1960;278;103974;oui;oui;60-0712__Shp.json.gz;https://branham.fr/files/pdf/60/SHP60-0712.pdf
60-0713;L'Aveugle Bartimée;SHP;1960;797;125891;non;oui;60-0713__Shp.json.gz;https://branham.fr/files/pdf/60/shp60-0713.pdf
60-0716;Dès ce moment;SHP;1960;483;144871;non;oui;60-0716__Shp.json.gz;https://branham.fr/files/pdf/60/SHP60-0716.pdf
60-0717;N’Ayez Pas Peur;SHP;1960;695;127963;non;oui;60-0717__Shp.json.gz;https://branham.fr/files/pdf/60/shp60-0717.pdf
60-0720;C’Est Moi;SHP;1960;639;119781;non;oui;60-0720__Shp.json.gz;https://branham.fr/files/pdf/60/shp60-0720.pdf
60-0722;Sentinelle, Que Dis-Tu De La Nuit?;SHP;1960;561;101638;non;oui;60-0722__Shp.json.gz;https://branham.fr/files/pdf/60/shp60-0722.pdf
60-0723;Parle à ce rocher et il donnera ses eaux;SHP;1960;152;79636;non;oui;60-0723__Shp.json.gz;https://branham.fr/files/pdf/60/SHP60-0723.pdf
60-0724;La Parole immuable de Dieu (Dieu tient sa parole);SHP;1960;486;127974;non;oui;60-0724__Shp.json.gz;https://branham.fr/files/pdf/60/SHP60-0724.pdf
60-0729;Ce qu’il faut pour triompher de toute incrédulité: notre Foi;SHP;1960;319;104970;non;oui;60-0729__SHP.json.gz;https://branham.fr/files/pdf/60/What_It_Takes_To_Overcome_All_Unbelief_Our_Faith.pdf
60-0731;Montre-Nous Le Père Et Cela Nous Suffit;SHP;1960;698;126836;non;oui;60-0731__Shp.json.gz;https://branham.fr/files/pdf/60/shp60-0731.pdf
60-0802;Jéhovah-Jiré 2  (El-Shaddaï);SHP;1960;554;114203;non;oui;60-0802__Shp.json.gz;https://branham.fr/files/pdf/60/shp60-0802.pdf
60-0803;Jéhovah-Jiré 3  (Abraham);SHP;1960;488;106864;non;oui;60-0803__Shp.json.gz;https://branham.fr/files/pdf/60/shp60-0803.pdf
60-0804;Pareil À L’Aigle Qui Éveille Sa Couvée;SHP;1960;654;105348;non;oui;60-0804__Shp.json.gz;https://branham.fr/files/pdf/60/shp60-0804.pdf
60-0805;L’Agneau Et La Colombe;SHP;1960;527;108001;non;oui;60-0805__Shp.json.gz;https://branham.fr/files/pdf/60/shp60-0805.pdf
60-0806;Ecoutez-Le;SHP;1960;213;74259;non;oui;60-0806__Shp.json.gz;https://branham.fr/files/pdf/60/SHP60-0806.pdf
60-0807;Débat sur le parler en langues;SHP;1960;156;40736;non;oui;60-0807__SHP.json.gz;https://branham.fr/files/pdf/60/Debate_On_Tongues.pdf
60-0911E;Les cinq identifications précises de la vraie Eglise du Dieu Vivant;MS;1960;362;99091;oui;oui;60-0911E__MS.json.gz;https://branham.fr/files/pdf/60/Five_Definite_Identifications_Of_The_True_Church_Of_The_Living_God.pdf
60-0911E;Les Cinq identifications précises de la vraie Eglise du Dieu vivant;SHP;1960;264;99330;oui;oui;60-0911E__Shp.json.gz;https://branham.fr/files/pdf/60/SHP60-0911E.pdf
60-0911E;Cinq Identifications Précises De La Véritable Eglise Du Dieu Vivant;VGR;1960;311;108057;oui;oui;60-0911E__VGR.json.gz;https://branham.fr/files/pdf/60/FRN60-0911e.pdf
60-0911M;Je serai avec toi comme j’ai été avec Moïse;MS;1960;493;123726;non;oui;60-0911M__MS.json.gz;https://branham.fr/files/pdf/60/As_I_Was_With_Moses,_So_Will_I_Be_With_Thee.pdf
60-0911M;Je Serai Avec Toi Comme J'ai Eté Avec Moïse;SHP;1960;599;123999;non;oui;60-0911M__Shp.json.gz;https://branham.fr/files/pdf/60/shp60-0911M.pdf
60-0924;Les condoléances à la famille Stadsklev;MS;1960;111;22471;non;oui;60-0924__MS.json.gz;https://branham.fr/files/pdf/60/Condolences_To_Stadsklev_Family.pdf
60-0924;Les Condoléances à la famille Stadsklev;SHP;1960;80;22490;non;oui;60-0924__Shp.json.gz;https://branham.fr/files/pdf/60/SHP60-0924.pdf
60-0925;Ce jour-là sur le Calvaire;MS;1960;269;64602;oui;oui;60-0925__MS.json.gz;https://branham.fr/files/pdf/60/That_Day_On_Calvary.pdf
60-0925;Ce Jour-Là Sur Le Calvaire;SHP;1960;275;61929;oui;oui;60-0925__Shp.json.gz;https://branham.fr/files/pdf/60/shp60-0925.pdf
60-0925;Ce Jour-Là Sur Le Calvaire;VGR;1960;187;64673;oui;oui;60-0925__VGR.json.gz;https://branham.fr/files/pdf/60/FRN60-0925.pdf
60-0930;Des visions de William Branham;MS;1960;178;43906;oui;oui;60-0930__MS.json.gz;https://branham.fr/files/pdf/60/Visions_Of_William_Branham.pdf
60-0930;Les Visions de William Branham;SHP;1960;183;43640;oui;oui;60-0930__Shp.json.gz;https://branham.fr/files/pdf/60/SHP60-0930.pdf
60-0930;Des Visions De William Branham;VGR;1960;131;44298;oui;oui;60-0930__VGR.json.gz;https://branham.fr/files/pdf/60/FRN60-0930.pdf
60-1002;Le Parent Rédempteur;MS;1960;424;101553;oui;oui;60-1002__MS.json.gz;https://branham.fr/files/pdf/60/The_Kinsman_Redeemer.pdf
60-1002;Le Parent Rédempteur;SHP;1960;337;107245;oui;oui;60-1002__Shp.json.gz;https://branham.fr/files/pdf/60/SHP60-1002.pdf
60-1113;La Condamnation par représentation;SHP;1960;318;120211;oui;oui;60-1113__Shp.json.gz;https://branham.fr/files/pdf/60/SHP60-1113.pdf
60-1113;La Condamnation Par Représentation;VGR;1960;340;109540;oui;oui;60-1113__VGR.json.gz;https://branham.fr/files/pdf/60/FRN60-1113.pdf
60-1124;C’est Moi;SHP;1960;165;48959;non;oui;60-1124__Shp.json.gz;https://branham.fr/files/pdf/60/shp60-1124.pdf
60-1125;Une Conférence;SHP;1960;424;93115;non;oui;60-1125__Shp.json.gz;https://branham.fr/files/pdf/60/shp60-1125.pdf
60-1126;Pourquoi?;SHP;1960;447;101189;non;oui;60-1126__Shp.json.gz;https://branham.fr/files/pdf/60/shp60-1126.pdf
60-1127E;La Reine Du Midi;SHP;1960;610;108261;non;oui;60-1127E__Shp.json.gz;https://branham.fr/files/pdf/60/shp60-1127E.pdf
60-1127M;Il N’En Était Pas Ainsi Au Commencement;SHP;1960;247;50532;non;oui;60-1127M__Shp.json.gz;https://branham.fr/files/pdf/60/shp60-1127M.pdf
60-1204E;Vision de Patmos;MS;1960;593;144317;non;oui;60-1204E__MS.json.gz;https://branham.fr/files/pdf/60/The_Patmos_Vision.pdf
60-1204E;La Vision de Patmos (La Vision de Patmos de Jean);SHP;1960;568;152169;non;oui;60-1204E__Shp.json.gz;https://branham.fr/files/pdf/60/SHP60-1204E.pdf
60-1204M;Apocalypse, chapitre 1;MS;1960;670;135040;oui;oui;60-1204M__MS.json.gz;https://branham.fr/files/pdf/60/Revelation_Chapter_One.pdf
60-1204M;La Révélation de Jésus-Christ;SHP;1960;510;146164;non;oui;60-1204M__Shp.json.gz;https://branham.fr/files/pdf/60/60-1204M_LA_REVELATION_DE_JESUS-CHRIST.pdf
60-1205;L'Age de l'Eglise d'Ephèse;MS;1960;499;124468;non;oui;60-1205__MS.json.gz;https://branham.fr/files/pdf/60/The_Ephesian_Church_Age.pdf
60-1205;L'Age de l'Eglise d'Ephese;SHP;1960;367;140985;non;oui;60-1205__Shp.json.gz;https://branham.fr/files/pdf/60/SHP60-1205.pdf
60-1206;L'Age de l’Eglise de Smyrne;MS;1960;402;99321;non;oui;60-1206__MS.json.gz;https://branham.fr/files/pdf/60/The_Smyrnaean_Church_Age.pdf
60-1206;L'Age de l'Eglise de Smyrne;SHP;1960;297;105218;non;oui;60-1206__Shp.json.gz;https://branham.fr/files/pdf/60/SHP60-1206.pdf
60-1207;L'Age de l’Eglise de Pergame;MS;1960;525;131189;non;oui;60-1207__MS.json.gz;https://branham.fr/files/pdf/60/The_Pergamean_Church_Age.pdf
60-1207;L'Age de l'Eglise de Pergame;SHP;1960;402;144657;non;oui;60-1207__Shp.json.gz;https://branham.fr/files/pdf/60/SHP60-1207.pdf
60-1208;L'Age de l’Eglise de Thyatire;MS;1960;427;90028;non;oui;60-1208__MS.json.gz;https://branham.fr/files/pdf/60/The_Thyatirean_Church_Age.pdf
60-1208;L'Age de l'Eglise de Thyatire;SHP;1960;346;99203;non;oui;60-1208__Shp.json.gz;https://branham.fr/files/pdf/60/SHP60-1208.pdf
60-1209;L'Age de l’Eglise de Sardes;MS;1960;439;97390;non;oui;60-1209__MS.json.gz;https://branham.fr/files/pdf/60/The_Sardisean_Church_Age.pdf
60-1209;L'Age de l'Eglise de Sardes;SHP;1960;332;110263;non;oui;60-1209__Shp.json.gz;https://branham.fr/files/pdf/60/SHP60-1209.pdf
60-1210;L'Age de l’Eglise de Philadelphie;MS;1960;495;113734;non;oui;60-1210__MS.json.gz;https://branham.fr/files/pdf/60/The_Philadelphian_Church_Age.pdf
60-1210;L'Age de l'Eglise de Philadelphie;SHP;1960;394;125043;non;oui;60-1210__Shp.json.gz;https://branham.fr/files/pdf/60/SHP60-1210.pdf
60-1211E;L'Age de l’Eglise de Laodicée;MS;1960;562;130044;non;oui;60-1211E__MS.json.gz;https://branham.fr/files/pdf/60/The_Laodicean_Church_Age.pdf
60-1211E;L'Age de l'Eglise de Laodicée;SHP;1960;439;142874;non;oui;60-1211E__Shp.json.gz;https://branham.fr/files/pdf/60/SHP60-1211E.pdf
60-1211M;Les dix vierges et les 144 000;MS;1960;633;155378;non;oui;60-1211M__MS.json.gz;https://branham.fr/files/pdf/60/The_Ten_Virgins_And_The_144,000.pdf
60-1211M;Les Dix Vierges;SHP;1960;533;170008;non;oui;60-1211M__Shp.json.gz;https://branham.fr/files/pdf/60/60-1211M_LES_DIX_VIERGES.pdf
60-1218;Le son incertain;MS;1960;735;171376;oui;oui;60-1218__MS.json.gz;https://branham.fr/files/pdf/60/The_Uncertain_Sound.pdf
60-1218;Le Son Confus;SHP;1960;1044;201003;non;oui;60-1218__Shp.json.gz;https://branham.fr/files/pdf/60/shp60-1218.pdf
60-1225;Le Don Enveloppé De Dieu;SHP;1960;527;111086;non;oui;60-1225__Shp.json.gz;https://branham.fr/files/pdf/60/shp60-1225.pdf
60-1231;Apocalypse, chapitre quatre #1;MS;1960;333;76623;non;oui;60-1231__MS.json.gz;https://branham.fr/files/pdf/60/Revelation_Chapter_Four_1.pdf
60-1231;Apocalypse chapitre Quatre #1;SHP;1960;248;82698;non;oui;60-1231__Shp.json.gz;https://branham.fr/files/pdf/60/SHP60-1231.pdf
61-0101;Apocalypse chapitre quatre #2 (les 24 anciens);MS;1961;612;132393;non;oui;61-0101__MS.json.gz;https://branham.fr/files/pdf/61/Revelation_Chapter_Four_2_(Twenty-Four_Elders).pdf
61-0101;Les Vingt-quatre Anciens (Apocalypse chapitre Quatre #2);SHP;1961;443;146096;non;oui;61-0101__Shp.json.gz;https://branham.fr/files/pdf/61/SHP61-0101.pdf
61-0108;Apocalypse chapitre quatre #3 (le trône de miséricorde et de jugement);MS;1961;669;160161;oui;oui;61-0108__MS.json.gz;https://branham.fr/files/pdf/61/Revelation Chapter_Four_3_(Throne_Of_Mercy_And_Judgment).pdf
61-0108;Le Trône (Apocalypse chapitre Quatre #3);SHP;1961;523;184159;oui;oui;61-0108__Shp.json.gz;https://branham.fr/files/pdf/61/SHP61-0108.pdf
61-0112;Questions et Réponses;MS;1961;915;219752;oui;oui;61-0112__MS.json.gz;https://branham.fr/files/pdf/61/Questions_And_Answers.pdf
61-0112;Questions Et Réponses;SHP;1961;1207;221172;oui;oui;61-0112__Shp.json.gz;https://branham.fr/files/pdf/61/shp61-0112.pdf
61-0112;Questions Et Réponses;VGR;1961;1090;227409;oui;oui;61-0112__VGR.json.gz;https://branham.fr/files/pdf/61/FRN61-0112.pdf
61-0117;Le Messie;MS;1961;306;86069;oui;oui;61-0117__MS.json.gz;https://branham.fr/files/pdf/61/The_Messiah.pdf
61-0117;Le Messie;SHP;1961;298;106027;oui;oui;61-0117__Shp.json.gz;https://branham.fr/files/pdf/61/SHP61-0117.pdf
61-0118;Jésus-Christ Est Le Même Hier, Aujourd’hui Et Éternellement;SHP;1961;602;112701;non;oui;61-0118__Shp.json.gz;https://branham.fr/files/pdf/61/shp61-0118.pdf
61-0119E;La Reine de Séba;MS;1961;515;124751;non;oui;61-0119E__MS.json.gz;https://branham.fr/files/pdf/61/Queen_Of_Sheba.pdf
61-0119E;La Reine de Séba;SHP;1961;383;124609;non;oui;61-0119E__Shp.json.gz;https://branham.fr/files/pdf/61/SHP61-0119E.pdf
61-0119M;Les Choses N'étaient Pas Ainsi Au Commencement (Il N’en Etait Pas Ainsi Au Commencement);SHP;1961;107;22274;non;oui;61-0119M__Shp.json.gz;https://branham.fr/files/pdf/61/shp61-0119M.pdf
61-0121;La Foi de marie;SHP;1961;206;81408;non;oui;61-0121__Shp.json.gz;https://branham.fr/files/pdf/61/SHP61-0121.pdf
61-0122;Pareil À L'Aigle Qui Eveille Sa Couvée;SHP;1961;569;104047;non;oui;61-0122__Shp.json.gz;https://branham.fr/files/pdf/61/shp61-0122.pdf
61-0123;N’Ayez Pas Peur, C’est Moi;SHP;1961;454;108317;non;oui;61-0123__Shp.json.gz;https://branham.fr/files/pdf/61/shp61-0123.pdf
61-0124;Aveugle Bartimée;SHP;1961;651;104496;non;oui;61-0124__Shp.json.gz;https://branham.fr/files/pdf/61/shp61-0124.pdf
61-0125;Pourquoi?;SHP;1961;443;99735;non;oui;61-0125__Shp.json.gz;https://branham.fr/files/pdf/61/shp61-0125.pdf
61-0128;Pourquoi?;SHP;1961;529;104616;non;oui;61-0128__Shp.json.gz;https://branham.fr/files/pdf/61/shp61-0128.pdf
61-0129;Se tourner vers le nord;SHP;1961;153;59177;non;oui;61-0129__Shp.json.gz;https://branham.fr/files/pdf/61/SHP61-0129.pdf
61-0205E;Jésus-Christ Est Le Même Hier, Aujourd’hui Et Éternellement;SHP;1961;576;115922;non;oui;61-0205E__Shp.json.gz;https://branham.fr/files/pdf/61/shp61-0205E.pdf
61-0205M;Expectative;SHP;1961;326;81447;non;oui;61-0205M__Shp.json.gz;https://branham.fr/files/pdf/61/shp61-0205M.pdf
61-0207;Expectative;SHP;1961;357;102653;non;oui;61-0207__Shp.json.gz;https://branham.fr/files/pdf/61/shp61-0207.pdf
61-0208;Messieurs, Nous Voudrions Voir Jésus;SHP;1961;620;117934;non;oui;61-0208__Shp.json.gz;https://branham.fr/files/pdf/61/shp61-0208.pdf
61-0209;Jéhovah-Jiré;SHP;1961;278;115248;non;oui;61-0209__Shp.json.gz;https://branham.fr/files/pdf/61/SHP61-0209.pdf
61-0210;L’Alliance confirmée d’Abraham;SHP;1961;331;109542;non;oui;61-0210__Shp.json.gz;https://branham.fr/files/pdf/61/SHP61-0210.pdf
61-0211;Abraham;SHP;1961;549;112273;non;oui;61-0211__Shp.json.gz;https://branham.fr/files/pdf/61/shp61-0211.pdf
61-0212E;C’est Moi, N’ayez Pas Peur;SHP;1961;459;98653;non;oui;61-0212E__Shp.json.gz;https://branham.fr/files/pdf/61/shp61-0212E.pdf
61-0212M;Jéhovah-Jiré (Le Fidèle Abraham);SHP;1961;313;65302;non;oui;61-0212M__Shp.json.gz;https://branham.fr/files/pdf/61/shp61-0212M.pdf
61-0213;Et Ta Postérité Possédera La Porte De Ses Ennemis;SHP;1961;404;91737;non;oui;61-0213__Shp.json.gz;https://branham.fr/files/pdf/61/shp61-0213.pdf
61-0214;La Base De La Communion;SHP;1961;336;86016;non;oui;61-0214__Shp.json.gz;https://branham.fr/files/pdf/61/shp61-0214.pdf
61-0215;Fils De David, Aie Pitié De Moi (Aveugle Bartimée);SHP;1961;560;112692;non;oui;61-0215__Shp.json.gz;https://branham.fr/files/pdf/61/shp61-0215.pdf
61-0216;Le Sceau de Dieu;SHP;1961;219;119537;oui;oui;61-0216__Shp.json.gz;https://branham.fr/files/pdf/61/SHP61-0216.pdf
61-0217;La Marque de la bête;SHP;1961;201;105188;non;oui;61-0217__Shp.json.gz;https://branham.fr/files/pdf/61/61-0217_LA_MARQUE_DE_LA_BETE.pdf
61-0218;Du Baume En Galaad;SHP;1961;594;118266;non;oui;61-0218__Shp.json.gz;https://branham.fr/files/pdf/61/shp61-0218.pdf
61-0219;La Reine De Séba;SHP;1961;451;121156;non;oui;61-0219__Shp.json.gz;https://branham.fr/files/pdf/61/shp61-0219.pdf
61-0224;N'Ayez Pas Peur;SHP;1961;552;108566;non;oui;61-0224__Shp.json.gz;https://branham.fr/files/pdf/61/shp61-0224.pdf
61-0226;Jéhovah-Jiré;SHP;1961;304;95574;non;oui;61-0226__Shp.json.gz;https://branham.fr/files/pdf/61/SHP61-0226.pdf
61-0305;Au-Delà Du Rideau Du Temps;MS;1961;202;49709;oui;oui;61-0305__MS.json.gz;https://branham.fr/files/pdf/61/Beyond_The_Curtain_Of_Time.pdf
61-0305;Au-Delà Du Rideau Du Temps;SHP;1961;117;47270;oui;oui;61-0305__Shp.json.gz;https://branham.fr/files/pdf/61/SHP61-0305.pdf
61-0305;Au-Delà Du Rideau Du Temps;VGR;1961;181;50403;oui;oui;61-0305__VGR.json.gz;https://branham.fr/files/pdf/61/FRN61-0305.pdf
61-0308;L'Expectative;SHP;1961;604;108903;non;oui;61-0308__Shp.json.gz;https://branham.fr/files/pdf/61/shp61-0308.pdf
61-0311;N’Ayez Pas Peur;SHP;1961;849;135756;non;oui;61-0311__Shp.json.gz;https://branham.fr/files/pdf/61/shp61-0311.pdf
61-0312;Jéhovah-Jiré;SHP;1961;608;116071;non;oui;61-0312__Shp.json.gz;https://branham.fr/files/pdf/61/shp61-0312.pdf
61-0315;Un Son confus;SHP;1961;384;114534;non;oui;61-0315__Shp.json.gz;https://branham.fr/files/pdf/61/61-0315_UN_SON_CONFUS.pdf
61-0316;L'Eglise Choisissant La Loi Au Lieu De La Grâce;SHP;1961;387;97420;non;oui;61-0316__Shp.json.gz;https://branham.fr/files/pdf/61/shp61-0316.pdf
61-0317;L'Alliance De Grâce D'Abraham;SHP;1961;505;107579;non;oui;61-0317__Shp.json.gz;https://branham.fr/files/pdf/61/shp61-0317.pdf
61-0318;L'Alliance Confirmée D'Abraham;SHP;1961;579;111282;non;oui;61-0318__Shp.json.gz;https://branham.fr/files/pdf/61/shp61-0318.pdf
61-0319;La religion de Jézabel;MS;1961;288;94452;oui;oui;61-0319__MS.json.gz;https://branham.fr/files/pdf/61/Jezebel_Religion.pdf
61-0319;La Religion de Jézabel;SHP;1961;193;94725;oui;oui;61-0319__Shp.json.gz;https://branham.fr/files/pdf/61/SHP61-0319.pdf
61-0319;La Religion de Jézabel;VGR;1961;204;97775;oui;oui;61-0319__VGR.json.gz;https://branham.fr/files/pdf/61/FRN61-0319.pdf
61-0402;Le Véritable sceau de pâques;SHP;1961;279;116411;non;oui;61-0402__Shp.json.gz;https://branham.fr/files/pdf/61/61-0402_LE_VERITABLE_SCEAU_DE_PAQUES.pdf
61-0409;Messieurs, Nous Voudrions Voir Jésus;SHP;1961;475;105003;non;oui;61-0409__Shp.json.gz;https://branham.fr/files/pdf/61/shp61-0409.pdf
61-0410;Les Conférences;SHP;1961;402;94153;non;oui;61-0410__Shp.json.gz;https://branham.fr/files/pdf/61/shp61-0410.pdf
61-0411;Mais Il N’En Était Pas Ainsi Au Commencement;SHP;1961;532;121578;non;oui;61-0411__Shp.json.gz;https://branham.fr/files/pdf/61/shp61-0411.pdf
61-0412;Il Y A Ici Plus Que Salomon;SHP;1961;640;118413;non;oui;61-0412__Shp.json.gz;https://branham.fr/files/pdf/61/shp61-0412.pdf
61-0413;Pourquoi?;SHP;1961;672;134962;non;oui;61-0413__Shp.json.gz;https://branham.fr/files/pdf/61/shp61-0413.pdf
61-0414;N’Ayez Pas Peur, C’est Moi;SHP;1961;409;98870;non;oui;61-0414__Shp.json.gz;https://branham.fr/files/pdf/61/shp61-0414.pdf
61-0415B;Dès Ce Moment;SHP;1961;249;60746;non;oui;61-0415B__Shp.json.gz;https://branham.fr/files/pdf/61/shp61-0415B.pdf
61-0415E;Le Son confus;SHP;1961;320;111316;non;oui;61-0415E__Shp.json.gz;https://branham.fr/files/pdf/61/SHP61-0415E.pdf
61-0416;Abraham Et Sa Postérité Après Lui;SHP;1961;513;120202;non;oui;61-0416__Shp.json.gz;https://branham.fr/files/pdf/61/shp61-0416.pdf
61-0423;Abraham Et Sa Postérité Après Lui;SHP;1961;462;102629;non;oui;61-0423__Shp.json.gz;https://branham.fr/files/pdf/61/shp61-0423.pdf
61-0424;Le Plus Grand Flash D'information De L'histoire (Venez, Croyez Et Allez);SHP;1961;456;95683;non;oui;61-0424__Shp.json.gz;https://branham.fr/files/pdf/61/shp61-0424.pdf
61-0425B;La Divinité Expliquée;MS;1961;494;112901;oui;oui;61-0425B__MS.json.gz;https://branham.fr/files/pdf/61/The_Godhead_Explained.pdf
61-0425B;La Divinité Expliquée;SHP;1961;382;112981;oui;oui;61-0425B__Shp.json.gz;https://branham.fr/files/pdf/61/SHP61-0425B.pdf
61-0425B;La Divinité Expliquée;VGR;1961;360;113408;oui;oui;61-0425B__VGR.json.gz;https://branham.fr/files/pdf/61/FRN61-0425b.pdf
61-0425E;La béatitude oubliée;MS;1961;228;60407;oui;oui;61-0425E__MS.json.gz;https://branham.fr/files/pdf/61/The_Forgotten_Beatitude.pdf
61-0425E;La Béatitude oubliée;SHP;1961;196;64914;oui;oui;61-0425E__Shp.json.gz;https://branham.fr/files/pdf/61/SHP61-0425E.pdf
61-0426;Le Prophète Michée;SHP;1961;314;102069;non;oui;61-0426__Shp.json.gz;https://branham.fr/files/pdf/61/SHP61-0426.pdf
61-0427;Crois Seulement;SHP;1961;488;99148;non;oui;61-0427__Shp.json.gz;https://branham.fr/files/pdf/61/shp61-0427.pdf
61-0428;Entrez dans l’Esprit;MS;1961;447;116227;oui;oui;61-0428__MS.json.gz;https://branham.fr/files/pdf/61/Getting_In_The_Spirit.pdf
61-0428;Entrer Dans L’Esprit;SHP;1961;638;117288;non;oui;61-0428__Shp.json.gz;https://branham.fr/files/pdf/61/shp61-0428.pdf
61-0429B;Un des hommes les plus méchants de la ville (Jésus aux pieds sales);SHP;1961;136;61462;non;oui;61-0429B__Shp.json.gz;https://branham.fr/files/pdf/61/SHP61-0429B.pdf
61-0429E;Un Son confus;SHP;1961;248;90369;non;oui;61-0429E__Shp.json.gz;https://branham.fr/files/pdf/61/SHP61-0429E.pdf
61-0430;Un Super Signe;SHP;1961;251;58854;non;oui;61-0430__Shp.json.gz;https://branham.fr/files/pdf/61/shp61-0430.pdf
61-0515;Il Y A Ici Plus Que Salomon;SHP;1961;645;132161;non;oui;61-0515__Shp.json.gz;https://branham.fr/files/pdf/61/shp61-0515.pdf
61-0516A;Jésus-Christ Est Le Même Hier, Aujourd’hui Et Eternellement;SHP;1961;482;101942;non;oui;61-0516A__Shp.json.gz;https://branham.fr/files/pdf/61/shp61-0516A.pdf
61-0516M;La Voie À Laquelle Dieu A Pourvue;SHP;1961;165;49517;non;oui;61-0516M__Shp.json.gz;https://branham.fr/files/pdf/61/shp61-0516M.pdf
61-0517;C’est Moi;SHP;1961;522;104786;non;oui;61-0517__Shp.json.gz;https://branham.fr/files/pdf/61/shp61-0517.pdf
61-0519;Messieurs, Nous Voudrions Voir Jésus;SHP;1961;476;94227;non;oui;61-0519__Shp.json.gz;https://branham.fr/files/pdf/61/shp61-0519.pdf
61-0520;Dès Ce Moment;SHP;1961;425;96287;non;oui;61-0520__Shp.json.gz;https://branham.fr/files/pdf/61/shp61-0520.pdf
61-0521;Montre-nous le Père;SHP;1961;359;107993;non;oui;61-0521__Shp.json.gz;https://branham.fr/files/pdf/61/SHP61-0521.pdf
61-0611;Apocalypse chapitre 5 #1 (le serpent écrasé);MS;1961;317;76051;non;oui;61-0611__MS.json.gz;https://branham.fr/files/pdf/61/Revelation_Chapter_Five_1.pdf
61-0611;Apocalypse chapitre Cinq #1 (Le Serpent écrasé);SHP;1961;229;76210;non;oui;61-0611__Shp.json.gz;https://branham.fr/files/pdf/61/SHP61-0611.pdf
61-0618;Apocalypse, chapitre 5 #2;MS;1961;401;112339;oui;oui;61-0618__MS.json.gz;https://branham.fr/files/pdf/61/Revelation_Chapter_Five_2.pdf
61-0618;Apocalypse chapitre Cinq #2;SHP;1961;299;120853;oui;oui;61-0618__Shp.json.gz;https://branham.fr/files/pdf/61/SHP61-0618.pdf
61-0723E;Questions & réponses (Dieu mal compris);MS;1961;473;120303;oui;oui;61-0723E__MS.json.gz;https://branham.fr/files/pdf/61/Questions_And_Answers_(God_Being_Misunderstood).pdf
61-0723E;Dieu Mal Compris;SHP;1961;578;122283;non;oui;61-0723E__Shp.json.gz;https://branham.fr/files/pdf/61/shp61-0723E.pdf
61-0723E;QUESTIONS ET REPONSES (DIEU MAL COMPRIS);VGR;1961;557;120139;oui;oui;61-0723E__VGR.json.gz;https://branham.fr/files/pdf/61/FRN61-0723e.pdf
61-0723E;Dieu Mal Compris;VGR;1961;358;120354;oui;oui;61-0723E__VGR_2.json.gz;https://branham.fr/files/pdf/61/FRN61-0723e.pdf
61-0723M;L'eau toujours présente du rocher;MS;1961;415;102236;oui;oui;61-0723M__MS.json.gz;https://branham.fr/files/pdf/61/The_Ever-Present_Water_From_The_Rock.pdf
61-0723M;L'Eau toujours présente du rocher;SHP;1961;315;102494;oui;oui;61-0723M__Shp.json.gz;https://branham.fr/files/pdf/61/SHP61-0723M.pdf
61-0730E;Les six buts de la visite de Gabriel à Daniel;MS;1961;488;97807;oui;oui;61-0730E__MS.json.gz;https://branham.fr/files/pdf/61/The Sixfold_Purpose_Of_The_Visitation_Of_Gabriel.pdf
61-0730E;Les Six buts de la visite de Gabriel à Daniel;SHP;1961;348;97503;non;oui;61-0730E__Shp.json.gz;https://branham.fr/files/pdf/61/SHP61-0730E.pdf
61-0730E;Les Six Buts De La Visite De Gabriel À Daniel;VGR;1961;427;98480;oui;oui;61-0730E__VGR.json.gz;https://branham.fr/files/pdf/61/FRN61-0730e.pdf
61-0730M;Les instructions de Gabriel à Daniel;MS;1961;401;101837;oui;oui;61-0730M__MS.json.gz;https://branham.fr/files/pdf/61/Gabriels_Instructions_To_Daniel.pdf
61-0730M;Les Instructions de Gabriel à Daniel;SHP;1961;281;101261;oui;oui;61-0730M__Shp.json.gz;https://branham.fr/files/pdf/61/SHP61-0730M.pdf
61-0730M;Les Instructions De Gabriel À Daniel;VGR;1961;337;102339;oui;oui;61-0730M__VGR.json.gz;https://branham.fr/files/pdf/61/FRN61-0730m.pdf
61-0806;La soixante-dixième semaine de Daniel;MS;1961;483;138741;oui;oui;61-0806__MS.json.gz;https://branham.fr/files/pdf/61/Daniels_Seventy_Weeks.pdf
61-0806;La Soixante-dixième semaine de Daniel;SHP;1961;328;138737;oui;oui;61-0806__Shp.json.gz;https://branham.fr/files/pdf/61/SHP61-0806.pdf
61-0806;La Soixante-Dixième Semaine De Daniel;VGR;1961;631;139100;oui;oui;61-0806__VGR.json.gz;https://branham.fr/files/pdf/61/FRN61-0806.pdf
61-0808;Ta famille (Crois au Seigneur, suivi des questions);SHP;1961;319;120175;non;oui;61-0808__Shp.json.gz;https://branham.fr/files/pdf/61/61-0808_TA_FAMILLE_(Crois_au_Seigneur_suivi_des_questions).pdf
61-0813;La foi;MS;1961;113;29461;non;oui;61-0813__MS.json.gz;https://branham.fr/files/pdf/61/Faith.pdf
61-0813;La Foi;SHP;1961;134;28512;non;oui;61-0813__Shp.json.gz;https://branham.fr/files/pdf/61/shp61-0813.pdf
61-0813;La Foi;VGR;1961;84;29622;oui;oui;61-0813__VGR.json.gz;https://branham.fr/files/pdf/61/FRN61-0813.pdf
61-0827;Message de grâce;MS;1961;483;127750;oui;oui;61-0827__MS.json.gz;https://branham.fr/files/pdf/61/The_Message_Of_Grace.pdf
61-0827;Le Message de grâce;SHP;1961;342;128164;oui;oui;61-0827__Shp.json.gz;https://branham.fr/files/pdf/61/SHP61-0827.pdf
61-0903;Que votre lumière luise ainsi devant les hommes;MS;1961;269;71509;oui;oui;61-0903__MS.json.gz;https://branham.fr/files/pdf/61/Let_Your_Light_So_Shine_Before_Men.pdf
61-0903;QUE VOTRE LUMIERE LUISE AINSI DEVANT LES HOMMES (LE PANNEAU PUBLICITAIRE DE DIEU);SHP;1961;317;71573;oui;oui;61-0903__SHP.json.gz;https://branham.fr/files/pdf/61/61-0903.pdf
61-1001E;Le Consolateur;SHP;1961;269;81257;non;oui;61-1001E__Shp.json.gz;https://branham.fr/files/pdf/61/SHP61-1001E.pdf
61-1001M;Il est convenable que nous accomplissions toute justice;MS;1961;408;94826;oui;oui;61-1001M__MS.json.gz;https://branham.fr/files/pdf/61/It_Becometh_Us_To_Fulfill_All_Righteousness.pdf
61-1001M;Il est convenable que nous accomplissions toute justice;SHP;1961;299;94526;oui;oui;61-1001M__Shp.json.gz;https://branham.fr/files/pdf/61/SHP61-1001M.pdf
61-1015E;Le Respect;MS;1961;403;97707;oui;oui;61-1015E__MS.json.gz;https://branham.fr/files/pdf/61/Respects.pdf
61-1015E;Le Respect;SHP;1961;290;99690;oui;oui;61-1015E__Shp.json.gz;https://branham.fr/files/pdf/61/shp61-1015E.pdf
61-1015E;Le Respect;VGR;1961;257;97815;oui;oui;61-1015E__VGR.json.gz;https://branham.fr/files/pdf/61/FRN61-1015e.pdf
61-1015M;Questions et Réponses;SHP;1961;367;137221;oui;oui;61-1015M__Shp.json.gz;https://branham.fr/files/pdf/61/SHP61-1015M.pdf
61-1015M;Questions Et Réponses;VGR;1961;617;141845;oui;oui;61-1015M__VGR.json.gz;https://branham.fr/files/pdf/61/FRN61-1015m.pdf
61-1105;Le témoignage d'un véritable témoin;MS;1961;466;105376;non;oui;61-1105__MS.json.gz;https://branham.fr/files/pdf/61/The_Testimony_Of_A_True_Witness.pdf
61-1105;Le Témoignage D'un Vrai Témoin;SHP;1961;487;107466;non;oui;61-1105__Shp.json.gz;https://branham.fr/files/pdf/61/shp61-1105.pdf
61-1112;Un Vrai Signe Passé Inaperçu;SHP;1961;684;149422;non;oui;61-1112__Shp.json.gz;https://branham.fr/files/pdf/61/shp61-1112.pdf
61-1119;La Force Parfaite Par La Faiblesse Parfaite;SHP;1961;475;153500;oui;oui;61-1119__Shp.json.gz;https://branham.fr/files/pdf/61/SHP61-1119.pdf
61-1119;La Force Parfaite Par La Faiblesse Parfaite;VGR;1961;649;152957;oui;oui;61-1119__VGR.json.gz;https://branham.fr/files/pdf/61/FRN61-1119.pdf
61-1210;Paradoxe;MS;1961;389;95711;non;oui;61-1210__MS.json.gz;https://branham.fr/files/pdf/61/Paradox.pdf
61-1210;Un Paradoxe;SHP;1961;590;138954;non;oui;61-1210__Shp.json.gz;https://branham.fr/files/pdf/61/shp61-1210.pdf
61-1217;Le Christianisme Contre L'Idolâtrie;SHP;1961;628;123865;non;oui;61-1217__Shp.json.gz;https://branham.fr/files/pdf/61/shp61-1217.pdf
61-1224;Messieurs, Nous Voudrions Voir Jésus (Message De Noël);SHP;1961;465;103900;oui;oui;61-1224__Shp.json.gz;https://branham.fr/files/pdf/61/shp61-1224.pdf
61-1231E;Si Dieu Est Avec Nous, Où Sont Alors Tous Les Prodiges? (Message De Nouvel An);SHP;1961;564;106673;oui;oui;61-1231E__Shp.json.gz;https://branham.fr/files/pdf/61/shp61-1231E.pdf
61-1231M;Vous Devez Naître De Nouveau;MS;1961;375;130394;non;oui;61-1231M__MS.json.gz;https://branham.fr/files/pdf/61/You_Must_Be_Born_Again.pdf
61-1231M;Vous Devez Naitre De Nouveau;SHP;1961;301;143584;non;oui;61-1231M__Shp.json.gz;https://branham.fr/files/pdf/61/SHP61-1231M.pdf
61-1231M;Il Faut Que Vous Naissiez De Nouveau;VGR;1961;525;149582;oui;oui;61-1231M__VGR.json.gz;https://branham.fr/files/pdf/61/FRN61-1231M.pdf
62-0117;Présumer;SHP;1962;976;187778;non;oui;62-0117__Shp.json.gz;https://branham.fr/files/pdf/62/shp62-0117.pdf
62-0118;Convaincu, puis concerné;SHP;1962;356;126111;non;oui;62-0118__Shp.json.gz;https://branham.fr/files/pdf/62/62-0118_CONVAINCU_PUIS_CONCERNE.pdf
62-0119;Une Bannière;SHP;1962;230;91432;non;oui;62-0119__Shp.json.gz;https://branham.fr/files/pdf/62/SHP62-0119.pdf
62-0120;Le Dieu immuable agissant de façon inattendue (Le Dieu immuable);SHP;1962;265;102482;non;oui;62-0120__Shp.json.gz;https://branham.fr/files/pdf/62/SHP62-0120.pdf
62-0121E;Les Noces de l'agneau;SHP;1962;336;120672;non;oui;62-0121E__Shp.json.gz;https://branham.fr/files/pdf/62/62-0121E_LES_NOCES_DE_L_AGNEAU.pdf
62-0121M;Et Ta Postérité Possédera La Porte De Son Ennemi;SHP;1962;389;97910;non;oui;62-0121M__Shp.json.gz;https://branham.fr/files/pdf/62/shp62-0121M.pdf
62-0122;La Confirmation De La Commission;SHP;1962;638;124669;non;oui;62-0122__Shp.json.gz;https://branham.fr/files/pdf/62/shp62-0122.pdf
62-0123;Abandonnant tout;SHP;1962;309;126180;non;oui;62-0123__Shp.json.gz;https://branham.fr/files/pdf/62/SHP62-0123.pdf
62-0124;N'Est-Ce Pas Moi Qui T'envoie?;SHP;1962;694;136619;non;oui;62-0124__Shp.json.gz;https://branham.fr/files/pdf/62/shp62-0124.pdf
62-0127;L'Homme Le Plus Méchant Que Je Connaisse;SHP;1962;395;91507;non;oui;62-0127__Shp.json.gz;https://branham.fr/files/pdf/62/shp62-0127.pdf
62-0128A;Un Paradoxe;SHP;1962;374;99876;non;oui;62-0128A__Shp.json.gz;https://branham.fr/files/pdf/62/shp62-0128A.pdf
62-0128M;L'Incrédulité N'Arrête Pas Dieu;SHP;1962;305;54379;oui;oui;62-0128M__Shp.json.gz;https://branham.fr/files/pdf/62/shp62-0128M.pdf
62-0129;Le Ministère expliqué;SHP;1962;100;26553;non;oui;62-0129__Shp.json.gz;https://branham.fr/files/pdf/62/SHP62-0129.pdf
62-0204;La Communion;SHP;1962;287;76497;oui;oui;62-0204__Shp.json.gz;https://branham.fr/files/pdf/62/shp62-0204.pdf
62-0204;La Communion;VGR;1962;162;76866;oui;oui;62-0204__VGR.json.gz;https://branham.fr/files/pdf/62/FRN62-0204.pdf
62-0211;L'Unité;MS;1962;392;128384;oui;oui;62-0211__MS.json.gz;https://branham.fr/files/pdf/62/Oneness.pdf
62-0211;L'Unité (L'unité avec Dieu);SHP;1962;268;129483;oui;oui;62-0211__Shp.json.gz;https://branham.fr/files/pdf/62/SHP62-0211.pdf
62-0218;La Persévérance;SHP;1962;845;180238;non;oui;62-0218__Shp.json.gz;https://branham.fr/files/pdf/62/shp62-0218.pdf
62-0311;La Plus Grande Bataille Jamais Livrée;MS;1962;879;173713;oui;oui;62-0311__MS.json.gz;https://branham.fr/files/pdf/62/The_Greatest_Battle_Ever_Fought.pdf
62-0311;La Plus Grande Bataille Jamais Livrée;SHP;1962;919;167524;non;oui;62-0311__Shp.json.gz;https://branham.fr/files/pdf/62/shp62-0311.pdf
62-0311;La Plus Grande Bataille Jamais Livrée;VGR;1962;635;175023;oui;oui;62-0311__VGR.json.gz;https://branham.fr/files/pdf/62/FRN62-0311.pdf
62-0313;Les Expressions (funérailles de la soeur Bell);SHP;1962;78;32295;non;oui;62-0313__Shp.json.gz;https://branham.fr/files/pdf/62/SHP62-0313.pdf
62-0318E;La parole parlée est la semence originelle (partie II);MS;1962;661;161093;oui;oui;62-0318E__MS.json.gz;https://branham.fr/files/pdf/62/The_Spoken_Word_is_the_Original_Seed2.pdf
62-0318E;La Parole parlée est la semence originelle #2;SHP;1962;540;185536;oui;oui;62-0318E__Shp.json.gz;https://branham.fr/files/pdf/62/62-0318E_LA_PAROLE_PARLEE_EST_LA_SEMENCE_ORIGINELLE.pdf
62-0318E;La Parole Parlée Est La Semence Originelle;VGR;1962;527;184777;non;oui;62-0318E__vgr.json.gz;https://branham.fr/files/pdf/62/FRN62-0318.pdf
62-0318M;La parole parlée est la semence originelle (partie I);MS;1962;628;149167;oui;oui;62-0318M__MS.json.gz;https://branham.fr/files/pdf/62/The_Spoken_Word_is_the_Original_Seed1.pdf
62-0318M;La Parole parlée est la semence originelle #1;SHP;1962;472;165086;oui;oui;62-0318M__Shp.json.gz;https://branham.fr/files/pdf/62/62-0318M_LA_PAROLE_PARLEE_EST_LA_SEMENCE_ORIGINELLE.pdf
62-0318M;La Parole Parlée Est La Semence Originelle;VGR;1962;483;164526;non;oui;62-0318M__vgr.json.gz;https://branham.fr/files/pdf/62/FRN62-0318.pdf
62-0319;Le signe de la sémence du temps de la fin;MS;1962;368;89110;oui;oui;62-0319__MS.json.gz;https://branham.fr/files/pdf/62/The_End-Time_Sign_Seed.pdf
62-0319;Le Signe de la semence du temps de la fin;SHP;1962;263;89356;oui;oui;62-0319__Shp.json.gz;https://branham.fr/files/pdf/62/SHP62-0319.pdf
62-0401;La Sagesse contre La Foi;SHP;1962;550;194671;oui;oui;62-0401__Shp.json.gz;https://branham.fr/files/pdf/62/SHP62-0401.pdf
62-0407;Les Signes de sa venue;SHP;1962;332;152815;non;oui;62-0407__Shp.json.gz;https://branham.fr/files/pdf/62/SHP62-0407.pdf
62-0408;Présumer;SHP;1962;309;102830;non;oui;62-0408__Shp.json.gz;https://branham.fr/files/pdf/62/SHP62-0408.pdf
62-0422;La Restitution De L'Arbre-Épouse;SHP;1962;1176;227597;non;oui;62-0422__Shp.json.gz;https://branham.fr/files/pdf/62/shp62-0422.pdf
62-0506;Possédant Toutes Choses;SHP;1962;372;89639;non;oui;62-0506__Shp.json.gz;https://branham.fr/files/pdf/62/shp62-0506.pdf
62-0513E;Laisser sortir la pression;MS;1962;277;63886;oui;oui;62-0513E__MS.json.gz;https://branham.fr/files/pdf/62/Letting_Off_The_Pressure.pdf
62-0513E;Laisser échapper la pression;SHP;1962;222;68692;oui;oui;62-0513E__Shp.json.gz;https://branham.fr/files/pdf/62/SHP62-0513E.pdf
62-0513M;La Manière D'un Vrai Prophète;MS;1962;456;132894;oui;oui;62-0513M__MS.json.gz;https://branham.fr/files/pdf/62/The_Way_Of_A_True_Prophet_Of_God.pdf
62-0513M;La Manière D'un Vrai Prophète;SHP;1962;318;133201;oui;oui;62-0513M__Shp.json.gz;https://branham.fr/files/pdf/62/SHP62-0513M.pdf
62-0513M;La Voie D’un Vrai Prophète De Dieu;VGR;1962;401;139263;oui;oui;62-0513M__VGR.json.gz;https://branham.fr/files/pdf/62/FRN62-0513M.pdf
62-0518;Laisser Échapper La Pression;SHP;1962;584;121215;non;oui;62-0518__Shp.json.gz;https://branham.fr/files/pdf/62/shp62-0518.pdf
62-0519;La Communion;SHP;1962;229;67913;non;oui;62-0519__Shp.json.gz;https://branham.fr/files/pdf/62/shp62-0519.pdf
62-0520;La Persévérance;SHP;1962;533;108127;non;oui;62-0520__Shp.json.gz;https://branham.fr/files/pdf/62/shp62-0520.pdf
62-0521;Convaincu, et puis concerné;SHP;1962;246;81789;non;oui;62-0521__Shp.json.gz;https://branham.fr/files/pdf/62/SHP62-0521.pdf
62-0527;Questions Et Réponses;SHP;1962;450;117804;oui;oui;62-0527__Shp.json.gz;https://branham.fr/files/pdf/62/SHP62-0527.pdf
62-0527;Questions Et Réponses;VGR;1962;646;122475;oui;oui;62-0527__VGR.json.gz;https://branham.fr/files/pdf/62/FRN62-0527.pdf
62-0531;Conflit entre Dieu et Satan;MS;1962;471;100701;oui;oui;62-0531__MS.json.gz;https://branham.fr/files/pdf/62/The_Conflict_Between_God_And_Satan.pdf
62-0531;Conflit entre Dieu et Satan;SHP;1962;344;100949;oui;oui;62-0531__Shp.json.gz;https://branham.fr/files/pdf/62/SHP62-0531.pdf
62-0531;Le Conflit Entre Dieu Et Satan;VGR;1962;330;102492;oui;oui;62-0531__VGR.json.gz;https://branham.fr/files/pdf/62/FRN62-0531.pdf
62-0601;Se Ranger Du Côté De Jésus;MS;1962;522;154539;oui;oui;62-0601__MS.json.gz;https://branham.fr/files/pdf/62/Taking_Sides_With_Jesus.pdf
62-0601;Se Ranger Du Côté De Jésus;SHP;1962;674;154670;oui;oui;62-0601__Shp.json.gz;https://branham.fr/files/pdf/62/62-0601.pdf
62-0601;Se Ranger Du Côté De Jésus;VGR;1962;427;156320;oui;oui;62-0601__VGR.json.gz;https://branham.fr/files/pdf/62/FRN62-0601.pdf
62-0603;L'évangélisation au temps de la fin;MS;1962;416;142548;oui;oui;62-0603__MS.json.gz;https://branham.fr/files/pdf/62/The_End-Time_Evangelism.pdf
62-0603;L'Evangélisation au temps de la fin;SHP;1962;284;142934;oui;oui;62-0603__Shp.json.gz;https://branham.fr/files/pdf/62/62-0603_L_EVANGELISATION_AU_TEMPS_DE_LA_FIN.pdf
62-0607;Se revêtir de toutes les armes de Dieu;SHP;1962;316;126263;non;oui;62-0607__Shp.json.gz;https://branham.fr/files/pdf/62/SHP62-0607.pdf
62-0608;La Persévérance;SHP;1962;719;134325;non;oui;62-0608__Shp.json.gz;https://branham.fr/files/pdf/62/shp62-0608.pdf
62-0609B;Voir Dieu;MS;1962;200;43855;oui;oui;62-0609B__MS.json.gz;https://branham.fr/files/pdf/62/Seeing_God.pdf
62-0609B;Montre nous le Père et cela nous suffit (Voir Dieu);SHP;1962;182;50072;oui;oui;62-0609B__Shp.json.gz;https://branham.fr/files/pdf/62/SHP62-0609B.pdf
62-0609E;Laisser Échapper La Pression;SHP;1962;432;89919;non;oui;62-0609E__Shp.json.gz;https://branham.fr/files/pdf/62/shp62-0609E.pdf
62-0610E;Concerné et convaincu;SHP;1962;217;78065;oui;oui;62-0610E__Shp.json.gz;https://branham.fr/files/pdf/62/62-0610E_CONCERNE_ET_CONVAINCU.pdf
62-0610M;Présumer;SHP;1962;386;109955;non;oui;62-0610M__Shp.json.gz;https://branham.fr/files/pdf/62/SHP62-0610M.pdf
62-0611;C'est Moi, N'ayez Pas Peur;SHP;1962;569;98591;non;oui;62-0611__Shp.json.gz;https://branham.fr/files/pdf/62/shp62-0611.pdf
62-0612;Voici, Un Plus Grand Que Salomon Est Ici;SHP;1962;354;104194;non;oui;62-0612__Shp.json.gz;https://branham.fr/files/pdf/62/shp62-0612.pdf
62-0620;N’Ayez Pas Peur;SHP;1962;483;102820;non;oui;62-0620__Shp.json.gz;https://branham.fr/files/pdf/62/shp62-0620.pdf
62-0621B;Le Sentier de la vie;SHP;1962;282;84202;non;oui;62-0621B__Shp.json.gz;https://branham.fr/files/pdf/62/SHP62-0621B.pdf
62-0621E;Confirmation et évidence;SHP;1962;150;57509;non;oui;62-0621E__Shp.json.gz;https://branham.fr/files/pdf/62/SHP62-0621E.pdf
62-0622B;Laisser Échapper La Pression;SHP;1962;161;39143;non;oui;62-0622B__Shp.json.gz;https://branham.fr/files/pdf/62/shp62-0622B.pdf
62-0622E;Pourquoi?;SHP;1962;348;66598;non;oui;62-0622E__Shp.json.gz;https://branham.fr/files/pdf/62/shp62-0622E.pdf
62-0623;Être Persévérant;SHP;1962;601;123710;non;oui;62-0623__Shp.json.gz;https://branham.fr/files/pdf/62/shp62-0623.pdf
62-0624;Un Super signe;SHP;1962;233;85727;non;oui;62-0624__Shp.json.gz;https://branham.fr/files/pdf/62/SHP62-0624.pdf
62-0627;Nous Voudrions Voir Jésus;SHP;1962;452;107753;non;oui;62-0627__Shp.json.gz;https://branham.fr/files/pdf/62/shp62-0627.pdf
62-0628;Il Y A Ici Plus Que Salomon;SHP;1962;615;121779;non;oui;62-0628__Shp.json.gz;https://branham.fr/files/pdf/62/shp62-0628.pdf
62-0629;N’Ayez Pas Peur, C’est Moi;SHP;1962;466;96542;non;oui;62-0629__Shp.json.gz;https://branham.fr/files/pdf/62/shp62-0629.pdf
62-0630B;Au Commencement, Il N'en Était Pas Ainsi;SHP;1962;306;61257;non;oui;62-0630B__Shp.json.gz;https://branham.fr/files/pdf/62/shp62-0630B.pdf
62-0630E;L’Homme Le Plus Méchant De Santa Maria;SHP;1962;476;84731;non;oui;62-0630E__Shp.json.gz;https://branham.fr/files/pdf/62/shp62-0630E.pdf
62-0701;Se Revêtir De Toutes Les Armes De Dieu;SHP;1962;570;112091;non;oui;62-0701__Shp.json.gz;https://branham.fr/files/pdf/62/shp62-0701.pdf
62-0704;Nous Voudrions Voir Jésus;SHP;1962;489;107985;non;oui;62-0704__Shp.json.gz;https://branham.fr/files/pdf/62/shp62-0704.pdf
62-0705;Jéhovah-Jiré #1;SHP;1962;302;105606;non;oui;62-0705__Shp.json.gz;https://branham.fr/files/pdf/62/SHP62-0705.pdf
62-0706;Jéhovah-Jiré #2;SHP;1962;261;95059;non;oui;62-0706__Shp.json.gz;https://branham.fr/files/pdf/62/SHP62-0706.pdf
62-0707;Jéhovah-Jiré #3;SHP;1962;275;97177;non;oui;62-0707__Shp.json.gz;https://branham.fr/files/pdf/62/SHP62-0707.pdf
62-0708;Un Super Signe;SHP;1962;537;104902;non;oui;62-0708__Shp.json.gz;https://branham.fr/files/pdf/62/shp62-0708.pdf
62-0711;Ecoutez-Le;SHP;1962;446;97142;non;oui;62-0711__Shp.json.gz;https://branham.fr/files/pdf/62/shp62-0711.pdf
62-0712;Nous Voudrions Voir Jésus;SHP;1962;593;120533;non;oui;62-0712__Shp.json.gz;https://branham.fr/files/pdf/62/shp62-0712.pdf
62-0713;Dès ce moment;SHP;1962;428;128099;non;oui;62-0713__Shp.json.gz;https://branham.fr/files/pdf/62/SHP62-0713.pdf
62-0714;Le Son Confus;SHP;1962;714;137000;non;oui;62-0714__Shp.json.gz;https://branham.fr/files/pdf/62/shp62-0714.pdf
62-0715;Voici, Il Y A Ici Le Plus Grand D’eux Tous;SHP;1962;695;124864;non;oui;62-0715__Shp.json.gz;https://branham.fr/files/pdf/62/shp62-0715.pdf
62-0718;Jésus-Christ Est Le Même Hier, Aujourd’hui Et Éternellement;SHP;1962;594;116996;non;oui;62-0718__Shp.json.gz;https://branham.fr/files/pdf/62/shp62-0718.pdf
62-0719B;La Vie;SHP;1962;229;62059;non;oui;62-0719B__Shp.json.gz;https://branham.fr/files/pdf/62/shp62-0719B.pdf
62-0719E;Persévérant;SHP;1962;740;123930;non;oui;62-0719E__Shp.json.gz;https://branham.fr/files/pdf/62/shp62-0719E.pdf
62-0720;Un Témoignage En Mer;SHP;1962;554;107397;non;oui;62-0720__Shp.json.gz;https://branham.fr/files/pdf/62/shp62-0720.pdf
62-0721;Voici, Un Plus Grand Que Salomon Est Ici;SHP;1962;462;103437;non;oui;62-0721__Shp.json.gz;https://branham.fr/files/pdf/62/shp62-0721.pdf
62-0722;Montre-nous le père, et cela suffit;SHP;1962;287;95621;non;oui;62-0722__Shp.json.gz;https://branham.fr/files/pdf/62/SHP62-0722.pdf
62-0724;Monsieur, nous voudrions voir Jésus;SHP;1962;342;123166;non;oui;62-0724__Shp.json.gz;https://branham.fr/files/pdf/62/SHP62-0724.pdf
62-0725;Il Y A Ici Plus Que Salomon;SHP;1962;617;122178;non;oui;62-0725__Shp.json.gz;https://branham.fr/files/pdf/62/shp62-0725.pdf
62-0726;Un Témoignage En Mer;SHP;1962;501;113623;non;oui;62-0726__Shp.json.gz;https://branham.fr/files/pdf/62/shp62-0726.pdf
62-0727;Nous Voudrions Voir Jésus;SHP;1962;520;114959;non;oui;62-0727__Shp.json.gz;https://branham.fr/files/pdf/62/shp62-0727.pdf
62-0728;Dieu A Pourvu À Une Voie;SHP;1962;508;93647;non;oui;62-0728__Shp.json.gz;https://branham.fr/files/pdf/62/shp62-0728.pdf
62-0729;Être Persévérant;SHP;1962;559;113167;non;oui;62-0729__Shp.json.gz;https://branham.fr/files/pdf/62/shp62-0729.pdf
62-0908;L'État Présent De Mon Ministère;MS;1962;248;92204;oui;oui;62-0908__MS.json.gz;https://branham.fr/files/pdf/62/Present_Stage Of_My_Ministry.pdf
62-0908;L'État Présent De Mon Ministère;SHP;1962;329;92311;oui;oui;62-0908__Shp.json.gz;https://branham.fr/files/pdf/62/shp62-0908.pdf
62-0908;L’Étape Actuelle De Mon Ministère;VGR;1962;167;93363;oui;oui;62-0908__VGR.json.gz;https://branham.fr/files/pdf/62/FRN62-0908.pdf
62-0909E;Dans Sa Présence;MS;1962;248;73865;oui;oui;62-0909E__MS.json.gz;https://branham.fr/files/pdf/62/In_His_Presence.pdf
62-0909E;Dans Sa Présence;SHP;1962;188;78494;oui;oui;62-0909E__Shp.json.gz;https://branham.fr/files/pdf/62/SHP62-0909E.pdf
62-0909E;Dans Sa Présence;VGR;1962;156;81752;oui;oui;62-0909E__VGR.json.gz;https://branham.fr/files/pdf/62/FRN62-0909E.pdf
62-0909M;Le Compte À Rebours;MS;1962;234;86916;oui;oui;62-0909M__MS.json.gz;https://branham.fr/files/pdf/62/Countdown.pdf
62-0909M;Le Compte À Rebours;SHP;1962;152;87090;oui;oui;62-0909M__Shp.json.gz;https://branham.fr/files/pdf/62/SHP62-0909M.pdf
62-0909M;Compte À Rebours;VGR;1962;139;92531;oui;oui;62-0909M__VGR.json.gz;https://branham.fr/files/pdf/62/FRN62-0909m.pdf
62-1007;La Clé pour la porte;SHP;1962;200;79315;oui;oui;62-1007__Shp.json.gz;https://branham.fr/files/pdf/62/SHP62-1007.pdf
62-1013;L'Influence D'un Autre;MS;1962;427;104331;oui;oui;62-1013__MS.json.gz;https://branham.fr/files/pdf/62/One_Mans_Influence_On_Another.pdf
62-1013;L’Influence D’Un Autre;SHP;1962;562;105885;non;oui;62-1013__Shp.json.gz;https://branham.fr/files/pdf/62/shp62-1013.pdf
62-1013;L’Influence D’un Autre;VGR;1962;267;105078;oui;oui;62-1013__VGR.json.gz;https://branham.fr/files/pdf/62/FRN62-1013.pdf
62-1014E;Un Guide;MS;1962;286;104701;oui;oui;62-1014E__MS.json.gz;https://branham.fr/files/pdf/62/A_Guide.pdf
62-1014E;Un Guide;SHP;1962;405;104033;non;oui;62-1014E__Shp.json.gz;https://branham.fr/files/pdf/62/shp62-1014E.pdf
62-1014E;Un Guide;VGR;1962;195;105271;oui;oui;62-1014E__VGR.json.gz;https://branham.fr/files/pdf/62/FRN62-1014e.pdf
62-1014M;La Stature D'un Homme Parfait;MS;1962;691;173128;oui;oui;62-1014M__MS.json.gz;https://branham.fr/files/pdf/62/The_Stature_Of_A_Perfect_Man.pdf
62-1014M;La Stature D’Un Homme Parfait;SHP;1962;909;174188;non;oui;62-1014M__Shp.json.gz;https://branham.fr/files/pdf/62/shp62-1014M.pdf
62-1014M;La Stature D’un Homme Parfait;VGR;1962;564;174294;oui;oui;62-1014M__VGR.json.gz;https://branham.fr/files/pdf/62/FRN62-1014m.pdf
62-1030X;Une Vision de la part du Seigneur;SHP;1962;6;2514;non;oui;62-1030X__Shp.json.gz;https://branham.fr/files/pdf/62/SHP62-1030X.pdf
62-1104E;Ordination;MS;1962;183;44412;oui;oui;62-1104E__MS.json.gz;https://branham.fr/files/pdf/62/Ordination.pdf
62-1104E;L'Ordination D'un Ministre;SHP;1962;132;43701;oui;oui;62-1104E__Shp.json.gz;https://branham.fr/files/pdf/62/SHP62-1104E.pdf
62-1104E;Ordination;VGR;1962;155;44603;oui;oui;62-1104E__VGR.json.gz;https://branham.fr/files/pdf/62/FRN62-1104e.pdf
62-1104M;Les Noms Blasphématoires;MS;1962;425;112825;oui;oui;62-1104M__MS.json.gz;https://branham.fr/files/pdf/62/Blasphemous_Names.pdf
62-1104M;Les Noms Blasphématoires;SHP;1962;303;113172;oui;oui;62-1104M__Shp.json.gz;https://branham.fr/files/pdf/62/SHP62-1104M.pdf
62-1104M;Des Noms Blasphématoires;VGR;1962;394;119844;oui;oui;62-1104M__VGR.json.gz;https://branham.fr/files/pdf/62/FRN62-1104M.pdf
62-1111E;Pourquoi je suis contre la religion organisée;SHP;1962;330;153293;oui;oui;62-1111E__Shp.json.gz;https://branham.fr/files/pdf/62/SHP62-1111E.pdf
62-1111M;La Dédicace;MS;1962;166;46503;non;oui;62-1111M__MS.json.gz;https://branham.fr/files/pdf/62/Dedication.pdf
62-1111M;La Dédicace;SHP;1962;123;46615;non;oui;62-1111M__Shp.json.gz;https://branham.fr/files/pdf/62/SHP62-1111M.pdf
62-1122;Retour et Jubilé;MS;1962;369;92066;oui;oui;62-1122__MS.json.gz;https://branham.fr/files/pdf/62/Return_And_Jubilee.pdf
62-1122;Le Retour et le jubile;SHP;1962;278;94520;oui;oui;62-1122__Shp.json.gz;https://branham.fr/files/pdf/62/SHP62-1122.pdf
62-1123;Le Chemin Du Retour;SHP;1962;488;138385;non;oui;62-1123__Shp.json.gz;https://branham.fr/files/pdf/62/shp62-1123.pdf
62-1124B;Les Investissements;MS;1962;354;83045;non;oui;62-1124B__MS.json.gz;https://branham.fr/files/pdf/62/Investments.pdf
62-1124B;Les Investissements;SHP;1962;278;83324;non;oui;62-1124B__Shp.json.gz;https://branham.fr/files/pdf/62/SHP62-1124B.pdf
62-1124E;Toutes choses;SHP;1962;228;77749;non;oui;62-1124E__Shp.json.gz;https://branham.fr/files/pdf/62/SHP62-1124E.pdf
62-1125E;Le Compte À Rebours;SHP;1962;342;73757;non;oui;62-1125E__Shp.json.gz;https://branham.fr/files/pdf/62/shp62-1125E.pdf
62-1125M;Convaincu Puis Concerné (Où Demeure-T-Il?);SHP;1962;521;99495;non;oui;62-1125M__Shp.json.gz;https://branham.fr/files/pdf/62/shp62-1125M.pdf
62-1209;Se souvenir du seigneur;SHP;1962;114;58568;oui;oui;62-1209__Shp.json.gz;https://branham.fr/files/pdf/62/SHP62-1209.pdf
62-1216;La Dislocation du monde;SHP;1962;274;128953;oui;oui;62-1216__Shp.json.gz;https://branham.fr/files/pdf/62/SHP62-1216.pdf
62-1223;L'Opprobre À Cause De La Parole;SHP;1962;295;106223;non;oui;62-1223__Shp.json.gz;https://branham.fr/files/pdf/62/SHP62-1223.pdf
62-1223;L’Opprobre À Cause De La Parole;VGR;1962;350;106428;oui;oui;62-1223__VGR.json.gz;https://branham.fr/files/pdf/62/FRN62-1223.pdf
62-1230E;Monsieur, Est-Ce Le Signe De La Fin?;MS;1962;601;147210;oui;oui;62-1230E__MS.json.gz;https://branham.fr/files/pdf/62/Is_This_The_Sign_Of_The_Sir.pdf
62-1230E;Monsieur, Est-Ce Le Signe De La Fin?;SHP;1962;497;155013;oui;oui;62-1230E__Shp.json.gz;https://branham.fr/files/pdf/62/62-1230E_MONSIEUR_EST-CE_LE_SIGNE_DE_LA_FIN.pdf
62-1230E;Monsieur, Est-Ce Le Signe De La Fin?;VGR;1962;548;148787;oui;oui;62-1230E__VGR.json.gz;https://branham.fr/files/pdf/62/FRN62-1230e.pdf
62-1230M;L'Absolu;MS;1962;634;143459;oui;oui;62-1230M__MS.json.gz;https://branham.fr/files/pdf/62/The_Absolute.pdf
62-1230M;L'Absolu;SHP;1962;781;145911;oui;oui;62-1230M__Shp.json.gz;https://branham.fr/files/pdf/62/shp62-1230M.pdf
62-1230M;L’Absolu;VGR;1962;494;144177;oui;oui;62-1230M__VGR.json.gz;https://branham.fr/files/pdf/62/FRN62-1230m.pdf
62-1231;Le Combat;MS;1962;181;48183;oui;oui;62-1231__MS.json.gz;https://branham.fr/files/pdf/62/The_Contest.pdf
62-1231;Le Combat;SHP;1962;125;48299;oui;oui;62-1231__Shp.json.gz;https://branham.fr/files/pdf/62/SHP62-1231.pdf
62-1231;Le Combat;VGR;1962;117;48349;oui;oui;62-1231__VGR.json.gz;https://branham.fr/files/pdf/62/FRN62-1231.pdf
63-0112;L'Influence;SHP;1963;522;115323;non;oui;63-0112__Shp.json.gz;https://branham.fr/files/pdf/63/shp63-0112.pdf
63-0113E;Persévérance;SHP;1963;275;87294;non;oui;63-0113E__Shp.json.gz;https://branham.fr/files/pdf/63/63-0113E_PERSEVERANCE.pdf
63-0113M;Laisser échapper la pression;SHP;1963;191;72675;non;oui;63-0113M__Shp.json.gz;https://branham.fr/files/pdf/63/SHP63-0113M.pdf
63-0114;Une Trompette qui rend un son confus;SHP;1963;323;99774;non;oui;63-0114__Shp.json.gz;https://branham.fr/files/pdf/63/SHP63-0114.pdf
63-0115;Accepter La Voie À Laquelle Dieu A Pourvue Au Temps De La Fin;SHP;1963;622;108275;non;oui;63-0115__Shp.json.gz;https://branham.fr/files/pdf/63/shp63-0115.pdf
63-0116;Le Messager du soir (Le Messager du temps de la fin);SHP;1963;366;131621;non;oui;63-0116__Shp.json.gz;https://branham.fr/files/pdf/63/SHP63-0116.pdf
63-0117;Réveiller Jésus;SHP;1963;321;100698;non;oui;63-0117__Shp.json.gz;https://branham.fr/files/pdf/63/SHP63-0117.pdf
63-0118;L'Esprit de vérité;SHP;1963;366;107401;non;oui;63-0118__Shp.json.gz;https://branham.fr/files/pdf/63/SHP63-0118.pdf
63-0119;La Manière D'un Vrai Prophète;SHP;1963;687;119780;non;oui;63-0119__Shp.json.gz;https://branham.fr/files/pdf/63/shp63-0119.pdf
63-0120E;Encore une fois seulement, Seigneur;SHP;1963;172;89995;oui;oui;63-0120E__Shp.json.gz;https://branham.fr/files/pdf/63/SHP63-0120E.pdf
63-0120M;La Voix de Dieu en ces derniers jours;SHP;1963;145;63694;oui;oui;63-0120M__Shp.json.gz;https://branham.fr/files/pdf/63/SHP63-0120M.pdf
63-0121;Zachée, l'homme d'affaires;SHP;1963;222;75882;oui;oui;63-0121__Shp.json.gz;https://branham.fr/files/pdf/63/SHP63-0121.pdf
63-0121;Zachée, L’homme D’affaires;VGR;1963;268;79421;oui;oui;63-0121__VGR.json.gz;https://branham.fr/files/pdf/63/FRN63-0121.pdf
63-0122;Se souvenir du Seigneur;SHP;1963;220;95827;non;oui;63-0122__Shp.json.gz;https://branham.fr/files/pdf/63/SHP63-0122.pdf
63-0123;Identification;SHP;1963;643;127476;non;oui;63-0123__Shp.json.gz;https://branham.fr/files/pdf/63/shp63-0123.pdf
63-0126;Les Investissements;SHP;1963;418;124244;non;oui;63-0126__Shp.json.gz;https://branham.fr/files/pdf/63/SHP63-0126.pdf
63-0127;Un Absolu;SHP;1963;322;122962;non;oui;63-0127__Shp.json.gz;https://branham.fr/files/pdf/63/SHP63-0127.pdf
63-0223;Une Porte Dans Une Porte;SHP;1963;507;104838;non;oui;63-0223__Shp.json.gz;https://branham.fr/files/pdf/63/shp63-0223.pdf
63-0304;Un Absolu;SHP;1963;84;50674;non;oui;63-0304__Shp.json.gz;https://branham.fr/files/pdf/63/SHP63-0304.pdf
63-0317E;La brèche entre les sept âges de l’église et les sept sceaux;MS;1963;533;127601;non;oui;63-0317E__MS.json.gz;https://branham.fr/files/pdf/63/The_Breach_Between_The_Seven_Church_Ages_And_ The_Seven_Seals.pdf
63-0317E;La Brèche Entre Les Sept Âges De L’Église Et Les Sept Sceaux;SHP;1963;636;128308;non;oui;63-0317E__Shp.json.gz;https://branham.fr/files/pdf/63/shp63-0317E.pdf
63-0317E;La Brèche Entre Les Sept Ages De L’église Et Les Sept Sceaux;VGR;1963;409;128389;oui;oui;63-0317E__vgr.json.gz;https://branham.fr/files/pdf/63/FRN63-0317E.pdf
63-0317M;Dieu se cache et se révèle dans la simplicité;MS;1963;651;174278;non;oui;63-0317M__MS.json.gz;https://branham.fr/files/pdf/63/God_Hiding_Himself_In_Simplicity.pdf
63-0317M;Dieu Se Cache, Puis Se Révèle Dans La Simplicité;SHP;1963;844;174016;non;oui;63-0317M__Shp.json.gz;https://branham.fr/files/pdf/63/shp63-0317M.pdf
63-0317M;Dieu Se Cache Et Se Révèle Dans La Simplicité;VGR;1963;480;175421;oui;oui;63-0317M__vgr.json.gz;https://branham.fr/files/pdf/63/FRN63-0317M.pdf
63-0318;Le Premier Sceau;MS;1963;624;152362;oui;oui;63-0318__MS.json.gz;https://branham.fr/files/pdf/63/The_First_Seal.pdf
63-0318;Le Premier Sceau;SHP;1963;803;157784;non;oui;63-0318__Shp.json.gz;https://branham.fr/files/pdf/63/shp63-0318.pdf
63-0318;Le Premier Sceau;VGR;1963;474;153237;oui;oui;63-0318__VGR.json.gz;https://branham.fr/files/pdf/63/FRN63-0318.pdf
63-0319;Le Deuxième Sceau;MS;1963;570;128861;oui;oui;63-0319__MS.json.gz;https://branham.fr/files/pdf/63/The_Second_Seal.pdf
63-0319;Le Deuxième Sceau;SHP;1963;681;129139;non;oui;63-0319__Shp.json.gz;https://branham.fr/files/pdf/63/shp63-0319.pdf
63-0319;Le Deuxième Sceau;VGR;1963;418;129696;oui;oui;63-0319__VGR.json.gz;https://branham.fr/files/pdf/63/FRN63-0319.pdf
63-0320;Le Troisième Sceau;MS;1963;545;127584;oui;oui;63-0320__MS.json.gz;https://branham.fr/files/pdf/63/The_Third_Seal.pdf
63-0320;Le Troisième Sceau;SHP;1963;677;127423;non;oui;63-0320__Shp.json.gz;https://branham.fr/files/pdf/63/shp63-0320.pdf
63-0320;Le Troisième Sceau;VGR;1963;408;128375;oui;oui;63-0320__VGR.json.gz;https://branham.fr/files/pdf/63/FRN63-0320.pdf
63-0321;Le Quatrième Sceau;MS;1963;595;137745;oui;oui;63-0321__MS.json.gz;https://branham.fr/files/pdf/63/The_Fourth_Seal.pdf
63-0321;Le Quatrième Sceau;SHP;1963;688;139013;non;oui;63-0321__Shp.json.gz;https://branham.fr/files/pdf/63/shp63-0321.pdf
63-0321;Le Quatrième Sceau;VGR;1963;458;138524;oui;oui;63-0321__VGR.json.gz;https://branham.fr/files/pdf/63/FRN63-0321.pdf
63-0322;Le Cinquième Sceau;MS;1963;691;156670;oui;oui;63-0322__MS.json.gz;https://branham.fr/files/pdf/63/The_Fifth_Seal.pdf
63-0322;Le Cinquième Sceau;SHP;1963;840;157589;non;oui;63-0322__Shp.json.gz;https://branham.fr/files/pdf/63/shp63-0322.pdf
63-0322;Le Cinquième Sceau;VGR;1963;537;157728;oui;oui;63-0322__VGR.json.gz;https://branham.fr/files/pdf/63/FRN63-0322.pdf
63-0323;Le Sixième Sceau;MS;1963;762;158110;oui;oui;63-0323__MS.json.gz;https://branham.fr/files/pdf/63/The_Sixth_Seal.pdf
63-0323;Le Sixième Sceau;SHP;1963;929;158489;non;oui;63-0323__Shp.json.gz;https://branham.fr/files/pdf/63/shp63-0323.pdf
63-0323;Le Sixième Sceau;VGR;1963;570;159306;oui;oui;63-0323__VGR.json.gz;https://branham.fr/files/pdf/63/FRN63-0323.pdf
63-0324E;Le Septième Sceau;MS;1963;624;143957;oui;oui;63-0324E__MS.json.gz;https://branham.fr/files/pdf/63/The_Seventh_Seal.pdf
63-0324E;Le Septième Sceau;SHP;1963;778;143903;non;oui;63-0324E__Shp.json.gz;https://branham.fr/files/pdf/63/shp63-0324E.pdf
63-0324E;Le Septième Sceau;VGR;1963;483;144805;oui;oui;63-0324E__VGR.json.gz;https://branham.fr/files/pdf/63/FRN63-0324E.pdf
63-0324M;Questions et réponses sur les sceaux;MS;1963;839;182053;non;oui;63-0324M__MS.json.gz;https://branham.fr/files/pdf/63/Questions_And_Answers_On_The_Seals.pdf
63-0324M;Questions Et Réponses Sur Les Sceaux;SHP;1963;1065;183801;non;oui;63-0324M__Shp.json.gz;https://branham.fr/files/pdf/63/shp63-0324M.pdf
63-0324M;Questions Et Réponses Sur Les Sceaux;VGR;1963;1093;182942;oui;oui;63-0324M__VGR.json.gz;https://branham.fr/files/pdf/63/FRN63-0324M.pdf
63-0412E;Dieu se cache dans la simplicité;SHP;1963;424;147470;non;oui;63-0412E__Shp.json.gz;https://branham.fr/files/pdf/63/SHP63-0412E.pdf
63-0412M;La Dislocation Du Monde;SHP;1963;507;111215;non;oui;63-0412M__Shp.json.gz;https://branham.fr/files/pdf/63/shp63-0412M.pdf
63-0421;Jour V, jour de victoire;SHP;1963;422;120054;oui;oui;63-0421__Shp.json.gz;https://branham.fr/files/pdf/63/SHP63-0421.pdf
63-0428;Regarde;SHP;1963;396;111582;non;oui;63-0428__Shp.json.gz;https://branham.fr/files/pdf/63/63-0428_REGARDE.pdf
63-0601;Viens, suis-Moi;MS;1963;173;45159;non;oui;63-0601__MS.json.gz;https://branham.fr/files/pdf/63/Come,_Follow_Me.pdf
63-0601;Viens, suis-moi;SHP;1963;121;45600;non;oui;63-0601__Shp.json.gz;https://branham.fr/files/pdf/63/SHP63-0601.pdf
63-0604;Jésus-Christ Est Le Même Hier, Aujourd’hui Et Éternellement;SHP;1963;553;101808;non;oui;63-0604__Shp.json.gz;https://branham.fr/files/pdf/63/shp63-0604.pdf
63-0605;Il Y A Ici Plus Que Salomon;SHP;1963;711;145313;non;oui;63-0605__Shp.json.gz;https://branham.fr/files/pdf/63/shp63-0605.pdf
63-0606;Montre-nous le Père (Dieu rendu manifeste);SHP;1963;324;110970;non;oui;63-0606__Shp.json.gz;https://branham.fr/files/pdf/63/SHP63-0606.pdf
63-0607;N'Ayez Pas Peur;SHP;1963;674;140169;non;oui;63-0607__Shp.json.gz;https://branham.fr/files/pdf/63/shp63-0607.pdf
63-0608;Les Conférences;SHP;1963;322;123827;non;oui;63-0608__Shp.json.gz;https://branham.fr/files/pdf/63/SHP63-0608.pdf
63-0623E;Le Signal rouge, signe de sa venue;SHP;1963;269;126758;oui;oui;63-0623E__Shp.json.gz;https://branham.fr/files/pdf/63/SHP63-0623E.pdf
63-0623E;Le Feu Rouge Clignotant, Signe De Sa Venue;VGR;1963;276;127294;oui;oui;63-0623E__VGR.json.gz;https://branham.fr/files/pdf/63/FRN63-0623E.pdf
63-0623M;Se tenir à la brèche;SHP;1963;259;116270;non;oui;63-0623M__Shp.json.gz;https://branham.fr/files/pdf/63/SHP63-0623M.pdf
63-0626;Pourquoi?;SHP;1963;248;86371;non;oui;63-0626__Shp.json.gz;https://branham.fr/files/pdf/63/SHP63-0626.pdf
63-0627;Jésus-Christ Est Le Même Hier, Aujourd’hui Et Éternellement;SHP;1963;632;126562;non;oui;63-0627__Shp.json.gz;https://branham.fr/files/pdf/63/shp63-0627.pdf
63-0628E;Il y a ici plus que Salomon;SHP;1963;606;114575;non;oui;63-0628E__SHP.json.gz;https://branham.fr/files/pdf/63/63-0628E.pdf
63-0628M;Ô Seigneur, Encore Une Fois  (L’État Présent De L’Église);SHP;1963;422;83485;non;oui;63-0628M__Shp.json.gz;https://branham.fr/files/pdf/63/shp63-0628M.pdf
63-0630E;Votre vie est-elle digne de l'évangile?;SHP;1963;403;166414;non;oui;63-0630E__Shp.json.gz;https://branham.fr/files/pdf/63/SHP63-0630E.pdf
63-0630M;Le Troisième exode;SHP;1963;312;123083;oui;oui;63-0630M__Shp.json.gz;https://branham.fr/files/pdf/63/SHP63-0630M.pdf
63-0707;L’Accusation;VGR;1963;440;170403;oui;oui;63-0707__vgr.json.gz;https://branham.fr/files/pdf/63/FRN63-0707m.pdf
63-0707E;La Communion;SHP;1963;60;15137;non;oui;63-0707E__Shp.json.gz;https://branham.fr/files/pdf/63/shp63-0707E.pdf
63-0707M;L’Accusation;SHP;1963;653;165709;oui;oui;63-0707M__Shp.json.gz;https://branham.fr/files/pdf/63/The_Indictment.pdf
63-0707M;L'Accusation;VGR;1963;570;169900;oui;oui;63-0707M__VGR.json.gz;https://branham.fr/files/pdf/63/FRN63-0707M.pdf
63-0714E;Humilie-toi;MS;1963;169;43632;oui;oui;63-0714E__MS.json.gz;https://branham.fr/files/pdf/63/Humble_Thyself.pdf
63-0714E;Humilie-toi;SHP;1963;107;43715;oui;oui;63-0714E__Shp.json.gz;https://branham.fr/files/pdf/63/SHP63-0714E.pdf
63-0714E;Humilie-Toi;VGR;1963;124;43897;oui;oui;63-0714E__VGR.json.gz;https://branham.fr/files/pdf/63/FRN63-0714E.pdf
63-0714M;Pourquoi Crier? Parle!;MS;1963;519;128910;oui;oui;63-0714M__MS.json.gz;https://branham.fr/files/pdf/63/Why_Cry_Speak.pdf
63-0714M;Pourquoi Crier?  Parle!;SHP;1963;403;134684;oui;oui;63-0714M__Shp.json.gz;https://branham.fr/files/pdf/63/63-0714M_POURQUOI_CRIER__PARLE.pdf
63-0714M;Pourquoi Crier? Parle!;VGR;1963;314;129434;oui;oui;63-0714M__VGR.json.gz;https://branham.fr/files/pdf/63/FRN63-0714m.pdf
63-0717;Paul, Prisonnier de Christ;SHP;1963;203;83118;non;oui;63-0717__Shp.json.gz;https://branham.fr/files/pdf/63/SHP63-0717.pdf
63-0721;Il prend soin. Et vous ?;SHP;1963;414;139269;non;oui;63-0721__SHP.json.gz;https://branham.fr/files/pdf/63/He_Cares_Do_You_Care.pdf
63-0724;Dieu Ne Fait Pas Venir Un Homme En Jugement Sans L'avoir Premièrement Averti (Avertissement, Puis Jugement);SHP;1963;344;110371;oui;oui;63-0724__Shp.json.gz;https://branham.fr/files/pdf/63/63-0724_DIEU_NE_FAIT_PAS_VENIR_UN_HOMME_EN_JUGEMENT_SANS_L_AVOIR_PREMIEREMENT_AVERTI_(AVERTISSEMENT_PUIS_JUGEMENT).pdf
63-0728;Christ Est Le Mystère De Dieu Révélé;SHP;1963;1393;246017;non;oui;63-0728__Shp.json.gz;https://branham.fr/files/pdf/63/63-0728.pdf
63-0728;Christ Est Le Mystère De Dieu Révélé;VGR;1963;794;245236;non;oui;63-0728__VGR.json.gz;https://branham.fr/files/pdf/63/FRN63-0728.pdf
63-0731;Il Y A Une Seule Voie À Laquelle Dieu A Pourvue Pour Tout;SHP;1963;498;104215;non;oui;63-0731__Shp.json.gz;https://branham.fr/files/pdf/63/shp63-0731.pdf
63-0801;Un Paradoxe;MS;1963;301;77539;non;oui;63-0801__MS.json.gz;https://branham.fr/files/pdf/63/A_Paradox.pdf
63-0801;Un Paradoxe;SHP;1963;394;86514;non;oui;63-0801__Shp.json.gz;https://branham.fr/files/pdf/63/shp63-0801.pdf
63-0802;Persévérant;SHP;1963;273;93590;non;oui;63-0802__Shp.json.gz;https://branham.fr/files/pdf/63/SHP63-0802.pdf
63-0803B;Les Investissements;SHP;1963;456;103187;non;oui;63-0803B__Shp.json.gz;https://branham.fr/files/pdf/63/shp63-0803B.pdf
63-0803E;Influence;SHP;1963;236;80114;non;oui;63-0803E__Shp.json.gz;https://branham.fr/files/pdf/63/SHP63-0803E.pdf
63-0804A;Encore une fois;SHP;1963;146;49950;non;oui;63-0804A__Shp.json.gz;https://branham.fr/files/pdf/63/SHP63-0804A.pdf
63-0804A;Une fois encore;VGR;1963;201;51187;oui;oui;63-0804A__VGR.json.gz;https://branham.fr/files/pdf/63/FRN63-0804A.pdf
63-0804E;Appeler Jésus Sur La Scène;SHP;1963;353;71249;non;oui;63-0804E__Shp.json.gz;https://branham.fr/files/pdf/63/shp63-0804E.pdf
63-0818;Le Temps De L’Union Et Son Signe;MS;1963;276;81478;oui;oui;63-0818__MS.json.gz;https://branham.fr/files/pdf/63/The_Sign_Of_The_Uniting_Time.pdf
63-0818;Le Temps De L’Union Et Son Signe;SHP;1963;200;81651;oui;oui;63-0818__Shp.json.gz;https://branham.fr/files/pdf/63/SHP63-0818.pdf
63-0818;Le Temps De L’Union Et Son Signe;VGR;1963;186;80765;oui;oui;63-0818__VGR.json.gz;https://branham.fr/files/pdf/63/FRN63-0818.pdf
63-0825E;La Foi Parfaite;MS;1963;354;90427;oui;oui;63-0825E__MS.json.gz;https://branham.fr/files/pdf/63/Perfect_Faith.pdf
63-0825E;La Foi Parfaite;SHP;1963;453;94340;non;oui;63-0825E__Shp.json.gz;https://branham.fr/files/pdf/63/shp63-0825E.pdf
63-0825E;La Foi Parfaite;VGR;1963;233;90556;oui;oui;63-0825E__VGR.json.gz;https://branham.fr/files/pdf/63/FRN63-0825e.pdf
63-0825M;Comment puis-je vaincre?;SHP;1963;254;112702;non;oui;63-0825M__Shp.json.gz;https://branham.fr/files/pdf/63/SHP63-0825M.pdf
63-0901E;Poussé à bout;SHP;1963;299;118549;non;oui;63-0901E__Shp.json.gz;https://branham.fr/files/pdf/63/SHP63-0901E.pdf
63-0901M;Le signe;MS;1963;769;167840;oui;oui;63-0901M__MS.json.gz;https://branham.fr/files/pdf/63/Token.pdf
63-0901M;Le Signe;SHP;1963;965;167164;non;oui;63-0901M__Shp.json.gz;https://branham.fr/files/pdf/63/shp63-0901M.pdf
63-0901M;Le Signe;VGR;1963;509;167837;oui;oui;63-0901M__VGR.json.gz;https://branham.fr/files/pdf/63/FRN63-0901m.pdf
63-1028;Etre pardonné;SHP;1963;223;89438;oui;oui;63-1028__Shp.json.gz;https://branham.fr/files/pdf/63/SHP63-1028.pdf
63-1103;Allez réveiller Jésus;SHP;1963;351;122799;non;oui;63-1103__Shp.json.gz;https://branham.fr/files/pdf/63/SHP63-1103.pdf
63-1110E;Celui Qui Est En Vous;MS;1963;447;122654;oui;oui;63-1110E__MS.json.gz;https://branham.fr/files/pdf/63/He_That_Is_In_You.pdf
63-1110E;Celui Qui Est En Vous;SHP;1963;309;130096;oui;oui;63-1110E__Shp.json.gz;https://branham.fr/files/pdf/63/SHP63-1110E.pdf
63-1110E;Celui Qui Est En Vous;VGR;1963;406;135048;oui;oui;63-1110E__VGR.json.gz;https://branham.fr/files/pdf/63/FRN63-1110e.pdf
63-1110M;Les Âmes Qui Sont Maintenant En Prison;MS;1963;711;161989;oui;oui;63-1110M__MS.json.gz;https://branham.fr/files/pdf/63/Souls_That_Are_In_Prison_Now.pdf
63-1110M;Les Âmes Qui Sont Maintenant En Prison;SHP;1963;531;162422;oui;oui;63-1110M__Shp.json.gz;https://branham.fr/files/pdf/63/63-1110M_LES_AMES_QUI_SONT_MAINTENANT_EN_PRISON.pdf
63-1110M;Des Âmes Qui Sont Maintenant En Prison;VGR;1963;494;168509;oui;oui;63-1110M__VGR.json.gz;https://branham.fr/files/pdf/63/FRN63-1110m.pdf
63-1112;Monsieur, Nous Voudrions Voir Jésus;SHP;1963;562;116052;non;oui;63-1112__Shp.json.gz;https://branham.fr/files/pdf/63/shp63-1112.pdf
63-1113;Le Signe de ce temps;SHP;1963;315;116144;non;oui;63-1113__Shp.json.gz;https://branham.fr/files/pdf/63/SHP63-1113.pdf
63-1114;Influence;SHP;1963;279;97106;non;oui;63-1114__Shp.json.gz;https://branham.fr/files/pdf/63/SHP63-1114.pdf
63-1115;La Dislocation du monde;MS;1963;405;99580;non;oui;63-1115__MS.json.gz;https://branham.fr/files/pdf/63/The_World_Is_Falling_Apart.pdf
63-1115;La Dislocation du monde;SHP;1963;277;103752;non;oui;63-1115__Shp.json.gz;https://branham.fr/files/pdf/63/SHP63-1115.pdf
63-1116B;Les Investissements;SHP;1963;284;93402;non;oui;63-1116B__Shp.json.gz;https://branham.fr/files/pdf/63/SHP63-1116B.pdf
63-1116E;La Persévérance;SHP;1963;646;130232;non;oui;63-1116E__Shp.json.gz;https://branham.fr/files/pdf/63/shp63-1116E.pdf
63-1117;Encore une fois;SHP;1963;246;91065;non;oui;63-1117__Shp.json.gz;https://branham.fr/files/pdf/63/SHP63-1117.pdf
63-1118;Les Funérailles de Garnett Peake;SHP;1963;99;44647;non;oui;63-1118__Shp.json.gz;https://branham.fr/files/pdf/63/SHP63-1118.pdf
63-1124E;Trois sortes de croyants;MS;1963;390;115110;oui;oui;63-1124E__MS.json.gz;https://branham.fr/files/pdf/63/Three_Kinds_Of_Believers.pdf
63-1124E;Trois sortes de croyants;SHP;1963;296;124805;oui;oui;63-1124E__Shp.json.gz;https://branham.fr/files/pdf/63/SHP63-1124E.pdf
63-1124M;Que ferai-je de Jésus appelé Christ?;SHP;1963;404;138335;non;oui;63-1124M__Shp.json.gz;https://branham.fr/files/pdf/63/SHP63-1124M.pdf
63-1127;Le Monde se disloque une fois de plus;SHP;1963;249;107056;non;oui;63-1127__Shp.json.gz;https://branham.fr/files/pdf/63/SHP63-1127.pdf
63-1128E;Le Signe;SHP;1963;405;100512;non;oui;63-1128E__Shp.json.gz;https://branham.fr/files/pdf/63/shp63-1128E.pdf
63-1128M;Le Témoignage;SHP;1963;313;73857;non;oui;63-1128M__Shp.json.gz;https://branham.fr/files/pdf/63/shp63-1128M.pdf
63-1129;Le Super Signe;SHP;1963;406;86870;non;oui;63-1129__Shp.json.gz;https://branham.fr/files/pdf/63/shp63-1129.pdf
63-1129;Le super-signe;VGR;1963;403;90286;oui;oui;63-1129__VGR.json.gz;https://branham.fr/files/pdf/63/FRN63-1129.pdf
63-1130B;L'Influence;SHP;1963;377;88736;non;oui;63-1130B__Shp.json.gz;https://branham.fr/files/pdf/63/shp63-1130B.pdf
63-1130E;Allez Réveiller Jésus;SHP;1963;550;107752;non;oui;63-1130E__Shp.json.gz;https://branham.fr/files/pdf/63/shp63-1130E.pdf
63-1201E;Encore Une Fois Seulement, Seigneur;SHP;1963;224;70425;non;oui;63-1201E__Shp.json.gz;https://branham.fr/files/pdf/63/shp63-1201E.pdf
63-1201M;Un Absolu;SHP;1963;191;76337;non;oui;63-1201M__Shp.json.gz;https://branham.fr/files/pdf/63/SHP63-1201M.pdf
63-1201X;Cérémonie De Mariage;SHP;1963;31;6182;non;oui;63-1201X__Shp.json.gz;https://branham.fr/files/pdf/63/shp63-1201X.pdf
63-1214;Pourquoi la petite Bethlehem?;SHP;1963;204;111309;oui;oui;63-1214__Shp.json.gz;https://branham.fr/files/pdf/63/SHP63-1214.pdf
63-1216;Nous avons vu son étoile en orient, et nous sommes venus pour l'adorer;SHP;1963;252;99012;oui;oui;63-1216__Shp.json.gz;https://branham.fr/files/pdf/63/SHP63-1216.pdf
63-1222;Dons appropriés;MS;1963;245;83919;non;oui;63-1222__MS.json.gz;https://branham.fr/files/pdf/63/Gods_Gifts_Always_Find_Their_Places.pdf
63-1222;Les Dons de Dieu trouvent toujours leurs places;SHP;1963;172;94139;non;oui;63-1222__Shp.json.gz;https://branham.fr/files/pdf/63/SHP63-1222.pdf
63-1226;L'ordre de l'église;MS;1963;410;127873;oui;oui;63-1226__MS.json.gz;https://branham.fr/files/pdf/63/Church_Order.pdf
63-1226;L'Ordre De L'Église;SHP;1963;501;128835;oui;oui;63-1226__Shp.json.gz;https://branham.fr/files/pdf/63/shp63-1226.pdf
63-1226;L’Ordre De L’Église;VGR;1963;480;127723;oui;oui;63-1226__VGR.json.gz;https://branham.fr/files/pdf/63/FRN63-1226.pdf
63-1229E;Tournez Les Regards Vers Jésus;MS;1963;528;129593;oui;oui;63-1229E__MS.json.gz;https://branham.fr/files/pdf/63/Look_Away_To_Jesus.pdf
63-1229E;Tournez Les Regards Vers Jésus;SHP;1963;378;137030;oui;oui;63-1229E__Shp.json.gz;https://branham.fr/files/pdf/63/SHP63-1229E.pdf
63-1229E;Tournez Les Regards Vers Jésus;VGR;1963;493;143539;oui;oui;63-1229E__VGR.json.gz;https://branham.fr/files/pdf/63/FRN63-1229e.pdf
63-1229M;Il y a ici un homme qui peut allumer la lumière;MS;1963;520;142096;oui;oui;63-1229M__MS.json.gz;https://branham.fr/files/pdf/63/There_Is_A_Man_Here_That_Can_Turn_On_The_Light.pdf
63-1229M;Il y a ici un homme qui peut allumer la lumière;SHP;1963;371;152431;oui;oui;63-1229M__Shp.json.gz;https://branham.fr/files/pdf/63/63-1229M_IL_Y_A_ICI_UN_HOMME_QUI_PEUT_ALLUMER_LA_LUMIERE.pdf
64-0112;Shalom;MS;1964;517;134738;oui;oui;64-0112__MS.json.gz;https://branham.fr/files/pdf/64/Shalom.pdf
64-0112;Shalom;SHP;1964;377;135032;oui;oui;64-0112__Shp.json.gz;https://branham.fr/files/pdf/64/64-0112_SHALOM.pdf
64-0119;Shalom;SHP;1964;279;101087;non;oui;64-0119__Shp.json.gz;https://branham.fr/files/pdf/64/64-0119_SHALOM.pdf
64-0120;Ses paroles infaillibles de promesse;SHP;1964;280;79724;non;oui;64-0120__Shp.json.gz;https://branham.fr/files/pdf/64/SHP64-0120.pdf
64-0121;La Parole De Dieu Exige Une Séparation Totale D’avec L’Incrédulité;SHP;1964;458;87729;non;oui;64-0121__Shp.json.gz;https://branham.fr/files/pdf/64/shp64-0121.pdf
64-0122;Tournez Le Regard Vers Jésus;SHP;1964;468;88413;non;oui;64-0122__Shp.json.gz;https://branham.fr/files/pdf/64/shp64-0122.pdf
64-0125;Allumer La Lumière;MS;1964;267;69885;non;oui;64-0125__MS.json.gz;https://branham.fr/files/pdf/64/Turn_On_The_Light.pdf
64-0125;Allumer La Lumière;SHP;1964;195;70087;non;oui;64-0125__Shp.json.gz;https://branham.fr/files/pdf/64/SHP64-0125.pdf
64-0125;Allumer La Lumière;VGR;1964;295;71377;oui;oui;64-0125__VGR.json.gz;https://branham.fr/files/pdf/64/FRN64-0125.pdf
64-0126;Que Ferons-Nous De Ce Jésus Qu’on Appelle Christ?;MS;1964;284;66855;oui;oui;64-0126__MS.json.gz;https://branham.fr/files/pdf/64/What_Shall_We_Do_With_This_Jesus_Christ.pdf
64-0126;Que Ferons-Nous De Ce Jésus Qu’on Appelle Christ?;SHP;1964;340;66164;non;oui;64-0126__Shp.json.gz;https://branham.fr/files/pdf/64/shp64-0126.pdf
64-0126;Que Ferons-Nous De Ce Jésus Qu’on Appelle Christ?;VGR;1964;201;66887;oui;oui;64-0126__VGR.json.gz;https://branham.fr/files/pdf/64/FRN64-0126.pdf
64-0205;Dieu est son propre interprète;SHP;1964;175;57892;non;oui;64-0205__Shp.json.gz;https://branham.fr/files/pdf/64/SHP64-0205.pdf
64-0206B;Un Paradoxe;SHP;1964;520;109071;non;oui;64-0206B__Shp.json.gz;https://branham.fr/files/pdf/64/shp64-0206B.pdf
64-0206E;La Voie Pourvue Par Dieu Pour Aujourd’hui;MS;1964;236;62384;oui;oui;64-0206E__MS.json.gz;https://branham.fr/files/pdf/64/Gods_Provided_Way_For_This_Day.pdf
64-0206E;La Voie À Laquelle Dieu A Pourvue Pour Aujourd’hui;SHP;1964;281;62227;non;oui;64-0206E__Shp.json.gz;https://branham.fr/files/pdf/64/shp64-0206E.pdf
64-0206E;La Voie Pourvue Par Dieu Pour Aujourd’hui;VGR;1964;166;62656;oui;oui;64-0206E__VGR.json.gz;https://branham.fr/files/pdf/64/FRN64-0206e.pdf
64-0207;Le Patriarche Abraham;SHP;1964;343;68271;non;oui;64-0207__Shp.json.gz;https://branham.fr/files/pdf/64/shp64-0207.pdf
64-0208;Le Signe;SHP;1964;277;91629;non;oui;64-0208__Shp.json.gz;https://branham.fr/files/pdf/64/SHP64-0208.pdf
64-0209;Compte à rebours;MS;1964;318;79133;non;oui;64-0209__MS.json.gz;https://branham.fr/files/pdf/64/Countdown.pdf
64-0209;Le Compte À Rebours;SHP;1964;413;78467;non;oui;64-0209__Shp.json.gz;https://branham.fr/files/pdf/64/shp64-0209.pdf
64-0212;Quand leurs yeux s’ouvrirent, ils Le reconnurent;SHP;1964;241;87685;non;oui;64-0212__Shp.json.gz;https://branham.fr/files/pdf/64/SHP64-0212.pdf
64-0213;Puis Jésus Vint Et Appela;SHP;1964;420;74591;non;oui;64-0213__Shp.json.gz;https://branham.fr/files/pdf/64/shp64-0213.pdf
64-0213;Alors Jésus Vint, Et Il Appela;VGR;1964;392;74166;oui;oui;64-0213__VGR.json.gz;https://branham.fr/files/pdf/64/FRN64-0213.pdf
64-0214;La Voix du signe;SHP;1964;249;90460;non;oui;64-0214__Shp.json.gz;https://branham.fr/files/pdf/64/SHP64-0214.pdf
64-0215;Les Influences;SHP;1964;474;75681;non;oui;64-0215__Shp.json.gz;https://branham.fr/files/pdf/64/shp64-0215.pdf
64-0216;L'Identification;SHP;1964;281;102164;non;oui;64-0216__Shp.json.gz;https://branham.fr/files/pdf/64/64-0216_L_IDENTIFICATION.pdf
64-0304;Messieurs, Nous Voudrions Voir Jésus;MS;1964;257;66017;oui;oui;64-0304__MS.json.gz;https://branham.fr/files/pdf/64/Sirs,_We_Would-See_Jesus.pdf
64-0304;Messieurs, Nous Voudrions Voir Jésus;SHP;1964;315;65562;non;oui;64-0304__Shp.json.gz;https://branham.fr/files/pdf/64/shp64-0304.pdf
64-0304;Messieurs, Nous Voudrions Voir Jésus;VGR;1964;184;66264;oui;oui;64-0304__VGR.json.gz;https://branham.fr/files/pdf/64/FRN64-0304.pdf
64-0305;Persévérer;MS;1964;449;101351;oui;oui;64-0305__MS.json.gz;https://branham.fr/files/pdf/64/Perseverant.pdf
64-0305;Persévérant;SHP;1964;532;100737;non;oui;64-0305__Shp.json.gz;https://branham.fr/files/pdf/64/shp64-0305.pdf
64-0305;Persévérer;VGR;1964;315;102004;oui;oui;64-0305__VGR.json.gz;https://branham.fr/files/pdf/64/FRN64-0305.pdf
64-0306;Il Y A Maintenant Ici Plus Que Salomon;MS;1964;338;93091;oui;oui;64-0306__MS.json.gz;https://branham.fr/files/pdf/64/A_Greater_Than_Solomon_Is_Here_Now.pdf
64-0306;Il Y A Maintenant Ici Plus Que Salomon;SHP;1964;395;92784;non;oui;64-0306__Shp.json.gz;https://branham.fr/files/pdf/64/shp64-0306.pdf
64-0306;Il Y A Maintenant Ici Plus Que Salomon;VGR;1964;238;93405;oui;oui;64-0306__VGR.json.gz;https://branham.fr/files/pdf/64/FRN64-0306.pdf
64-0307;Témoignage En Mer;MS;1964;316;88535;oui;oui;64-0307__MS.json.gz;https://branham.fr/files/pdf/64/A_Testimony_On_The_Sea.pdf
64-0307;Témoignage en mer;SHP;1964;226;88782;oui;oui;64-0307__Shp.json.gz;https://branham.fr/files/pdf/64/SHP64-0307.pdf
64-0307;Témoignage En Mer;VGR;1964;219;88780;oui;oui;64-0307__VGR.json.gz;https://branham.fr/files/pdf/64/FRN64-0307.pdf
64-0308;Le Signe;MS;1964;341;87872;oui;oui;64-0308__MS.json.gz;https://branham.fr/files/pdf/64/The_Token.pdf
64-0308;Le Signe;SHP;1964;237;88125;oui;oui;64-0308__Shp.json.gz;https://branham.fr/files/pdf/64/SHP64-030.pdf
64-0308;Le Signe;VGR;1964;234;88116;oui;oui;64-0308__VGR.json.gz;https://branham.fr/files/pdf/64/FRN64-0308.pdf
64-0311;Dieu Est Identifié Par Ses Caractéristiques;MS;1964;284;79489;oui;oui;64-0311__MS.json.gz;https://branham.fr/files/pdf/64/God_Is_Identified By_His_Characteristics.pdf
64-0311;Dieu Est Identifié Par Ses Caractéristiques;SHP;1964;362;79720;non;oui;64-0311__Shp.json.gz;https://branham.fr/files/pdf/64/shp64-0311.pdf
64-0311;Dieu Est Identifié Par Ses Caractéristiques;VGR;1964;206;79906;oui;oui;64-0311__VGR.json.gz;https://branham.fr/files/pdf/64/FRN64-0311.pdf
64-0312;Quand leurs yeux furent ouverts;MS;1964;395;86840;oui;oui;64-0312__MS.json.gz;https://branham.fr/files/pdf/64/When_Their_Eyes_Were_Opened,_They_Knew_Him.pdf
64-0312;Quand Leurs Yeux S'ouvrirent, Ils Le Reconnurent;SHP;1964;457;88470;oui;oui;64-0312__Shp.json.gz;https://branham.fr/files/pdf/64/shp64-0312.pdf
64-0313;La Voix Du Signe;SHP;1964;376;78537;oui;oui;64-0313__Shp.json.gz;https://branham.fr/files/pdf/64/shp64-0313.pdf
64-0313;La Voix Du Signe;VGR;1964;363;81361;oui;oui;64-0313__VGR.json.gz;https://branham.fr/files/pdf/64/The_Voice_Of_The_Sign.pdf
64-0314;Les Investissements;SHP;1964;197;71560;non;oui;64-0314__Shp.json.gz;https://branham.fr/files/pdf/64/SHP64-0314.pdf
64-0315;Influence;SHP;1964;652;113044;non;oui;64-0315__Shp.json.gz;https://branham.fr/files/pdf/64/shp64-0315.pdf
64-0318;Messieurs, Nous Voudrions Voir Jésus;SHP;1964;487;87483;non;oui;64-0318__Shp.json.gz;https://branham.fr/files/pdf/64/shp64-0318.pdf
64-0319;Appeler Jésus Sur La Scène;SHP;1964;388;74509;non;oui;64-0319__Shp.json.gz;https://branham.fr/files/pdf/64/shp64-0319.pdf
64-0320;Dieu Identifié Par Ses Caractéristiques;SHP;1964;407;83577;non;oui;64-0320__Shp.json.gz;https://branham.fr/files/pdf/64/shp64-0320.pdf
64-0320;Dieu S'identifie Par Ses Caractéristiques;VGR;1964;824;172574;oui;oui;64-0320__VGR.json.gz;https://branham.fr/files/pdf/64/FRN64-0320.pdf
64-0321B;Il devait passer par ici (Il doit passer par ici);SHP;1964;169;57377;non;oui;64-0321B__Shp.json.gz;https://branham.fr/files/pdf/64/SHP64-0321B.pdf
64-0321E;La Voix Du Signe;SHP;1964;679;113728;non;oui;64-0321E__Shp.json.gz;https://branham.fr/files/pdf/64/shp64-0321E.pdf
64-0322;Posséder La Porte De L’Ennemi Après Le Test;SHP;1964;368;65070;non;oui;64-0322__Shp.json.gz;https://branham.fr/files/pdf/64/shp64-0322.pdf
64-0401;Le Christ Identifié De Tous Les Âges;MS;1964;413;84384;non;oui;64-0401__MS.json.gz;https://branham.fr/files/pdf/64/Identified_Christ_Of_All_Ages.pdf
64-0401;Christ Identifié Dans Tous Les Âges;SHP;1964;555;110795;non;oui;64-0401__Shp.json.gz;https://branham.fr/files/pdf/64/shp64-0401.pdf
64-0402;Jéhovah-Jiré I;MS;1964;320;76712;oui;oui;64-0402__MS.json.gz;https://branham.fr/files/pdf/64/Jehovah-Jireh_1.pdf
64-0402;Jéhovah-Jiré #1;SHP;1964;408;85114;oui;oui;64-0402__Shp.json.gz;https://branham.fr/files/pdf/64/shp64-0402.pdf
64-0402;Jéhovah-Jiré #1;VGR;1964;239;86515;oui;oui;64-0402__VGR.json.gz;https://branham.fr/files/pdf/64/FRN64-0402.pdf
64-0403;Jéhovah-Jiré II;MS;1964;358;83272;oui;oui;64-0403__MS.json.gz;https://branham.fr/files/pdf/64/Jehovah-Jireh_2.pdf
64-0403;Jéhovah-Jiré #2;SHP;1964;460;90654;oui;oui;64-0403__Shp.json.gz;https://branham.fr/files/pdf/64/shp64-0403.pdf
64-0403;Jéhovah-Jiré #2;VGR;1964;313;108163;oui;oui;64-0403__VGR.json.gz;https://branham.fr/files/pdf/64/FRN64-0403.pdf
64-0404;Jéhovah-Jiré III;MS;1964;357;74166;oui;oui;64-0404__MS.json.gz;https://branham.fr/files/pdf/64/Jehovah-Jireh_3.pdf
64-0404;Jéhovah-Jiré #3;SHP;1964;557;97679;oui;oui;64-0404__Shp.json.gz;https://branham.fr/files/pdf/64/shp64-0404.pdf
64-0404;Jéhovah-Jiré #3;VGR;1964;382;124680;oui;oui;64-0404__VGR.json.gz;https://branham.fr/files/pdf/64/FRN64-0404.pdf
64-0405;Un Procès;SHP;1964;182;68494;non;oui;64-0405__Shp.json.gz;https://branham.fr/files/pdf/64/SHP64-0405.pdf
64-0409;Christ identifie dans tous les âges;SHP;1964;258;102500;non;oui;64-0409__Shp.json.gz;https://branham.fr/files/pdf/64/SHP64-0409.pdf
64-0410;Les Signes scripturaires du temps;SHP;1964;229;88409;non;oui;64-0410__Shp.json.gz;https://branham.fr/files/pdf/64/SHP64-0410.pdf
64-0411;L'Amnésie spirituelle;SHP;1964;244;83839;oui;oui;64-0411__Shp.json.gz;https://branham.fr/files/pdf/64/SHP64-0411.pdf
64-0412;Un procès;MS;1964;511;100037;non;oui;64-0412__MS.json.gz;https://branham.fr/files/pdf/64/A_Court_Trial.pdf
64-0412;Un Procès;SHP;1964;536;102456;non;oui;64-0412__Shp.json.gz;https://branham.fr/files/pdf/64/shp64-0412.pdf
64-0415;Christ Identifié Le Même Dans Toutes Les Générations;SHP;1964;575;107513;non;oui;64-0415__Shp.json.gz;https://branham.fr/files/pdf/64/shp64-0415.pdf
64-0416;Alors, quand leurs yeux s’ouvrirent, ils Le reconnurent;SHP;1964;287;95747;non;oui;64-0416__Shp.json.gz;https://branham.fr/files/pdf/64/SHP64-0416.pdf
64-0417;Puis Jésus Vint Et Appela;SHP;1964;578;99837;non;oui;64-0417__Shp.json.gz;https://branham.fr/files/pdf/64/shp64-0417.pdf
64-0418B;Un Paradoxe;SHP;1964;750;127722;non;oui;64-0418B__Shp.json.gz;https://branham.fr/files/pdf/64/shp64-0418B.pdf
64-0418E;Jésus Ne Manque A Aucun De Ses Rendez-Vous;SHP;1964;295;110318;non;oui;64-0418E__Shp.json.gz;https://branham.fr/files/pdf/64/SHP64-0418E.pdf
64-0419;Le Procès;SHP;1964;261;66767;non;oui;64-0419__Shp.json.gz;https://branham.fr/files/pdf/64/shp64-0419.pdf
64-0427;Un Procès;SHP;1964;253;108516;non;oui;64-0427__Shp.json.gz;https://branham.fr/files/pdf/64/SHP64-0427.pdf
64-0500;Lettre Audio A Lee Vayle;SHP;1964;529;133667;non;oui;64-0500__Shp.json.gz;https://branham.fr/files/pdf/64/SHP64-0500.pdf
64-0531;Un Drôle de personnage;SHP;1964;109;45393;non;oui;64-0531__Shp.json.gz;https://branham.fr/files/pdf/64/SHP64-0531.pdf
64-0614E;L'original;MS;1964;267;75257;non;oui;64-0614E__MS.json.gz;https://branham.fr/files/pdf/64/The_Oddball.pdf
64-0614E;Un Drôle de personnage;SHP;1964;240;79025;non;oui;64-0614E__Shp.json.gz;https://branham.fr/files/pdf/64/SHP64-0614E.pdf
64-0614M;Dieu dévoilé;MS;1964;680;169339;oui;oui;64-0614M__MS.json.gz;https://branham.fr/files/pdf/64/The_Unveiling_Of_God.pdf
64-0614M;Dieu Dévoilé;SHP;1964;882;168840;non;oui;64-0614M__Shp.json.gz;https://branham.fr/files/pdf/64/shp64-0614M.pdf
64-0614M;Dieu Dévoilé;VGR;1964;510;170135;oui;oui;64-0614M__vgr.json.gz;https://branham.fr/files/pdf/64/FRN64-0614m.pdf
64-0617;Le Christ Identifié Au Travers De Tous Les Âges;MS;1964;318;77732;non;oui;64-0617__MS.json.gz;https://branham.fr/files/pdf/64/The_Identified_Christ_Of_All_Ages.pdf
64-0617;Le Christ identifié dans tous les âges;SHP;1964;225;77304;non;oui;64-0617__Shp.json.gz;https://branham.fr/files/pdf/64/SHP64-0617.pdf
64-0618;La présence de Dieu non reconnue;MS;1964;364;93127;non;oui;64-0618__MS.json.gz;https://branham.fr/files/pdf/64/The_Presence_Of_God_Unrecognized.pdf
64-0618;La Présence de Dieu non reconnue;SHP;1964;250;93383;non;oui;64-0618__Shp.json.gz;https://branham.fr/files/pdf/64/SHP64-0618.pdf
64-0619;Être Persévérant;SHP;1964;426;100593;non;oui;64-0619__Shp.json.gz;https://branham.fr/files/pdf/64/shp64-0619.pdf
64-0620B;Qui Est Jésus?;SHP;1964;320;69877;non;oui;64-0620B__Shp.json.gz;https://branham.fr/files/pdf/64/shp64-0620B.pdf
64-0620E;Dieu s'est pourvu d'un agneau;MS;1964;340;65940;non;oui;64-0620E__MS.json.gz;https://branham.fr/files/pdf/64/God_Has_A_Provided_Lamb.pdf
64-0620E;Dieu A Pourvu À Un Agneau;SHP;1964;400;67565;non;oui;64-0620E__Shp.json.gz;https://branham.fr/files/pdf/64/shp64-0620E.pdf
64-0621;Le Procès;SHP;1964;294;87168;non;oui;64-0621__Shp.json.gz;https://branham.fr/files/pdf/64/SHP64-0621.pdf
64-0629;Le Dieu Puissant Dévoilé Devant Nous;MS;1964;296;83796;oui;oui;64-0629__MS.json.gz;https://branham.fr/files/pdf/64/The_Mighty_God_Unveiled_Before_Us.pdf
64-0629;Le Dieu Puissant Dévoilé Devant Nous;SHP;1964;303;83583;oui;oui;64-0629__Shp.json.gz;https://branham.fr/files/pdf/64/SHP64-0629.pdf
64-0629;Le Dieu Puissant Dévoilé Devant Nous;VGR;1964;296;84122;oui;oui;64-0629__VGR.json.gz;https://branham.fr/files/pdf/64/FRN64-0629.pdf
64-0705;Le Chef-d’œuvre;MS;1964;425;116735;oui;oui;64-0705__MS.json.gz;https://branham.fr/files/pdf/64/The_Masterpiece.pdf
64-0705;Le Chef-D’œuvre;SHP;1964;535;115617;non;oui;64-0705__Shp.json.gz;https://branham.fr/files/pdf/64/shp64-0705.pdf
64-0705;Le Chef-D’œuvre;VGR;1964;325;117071;oui;oui;64-0705__VGR.json.gz;https://branham.fr/files/pdf/64/FRN64-0705.pdf
64-0705M;Entrevue avec sœur Bruce;MS;1964;32;5604;non;oui;64-0705M__MS.json.gz;https://branham.fr/files/pdf/64/Interview_Of_Sister_Bruce.pdf
64-0705X;Entretien Privé (Entretien Avec La Soeur Bruce);SHP;1964;43;5961;non;oui;64-0705X__Shp.json.gz;https://branham.fr/files/pdf/64/shp64-0705X.pdf
64-0705X;Entretien Privé;VGR;1964;15;6197;non;oui;64-0705X__VGR.json.gz;https://branham.fr/files/pdf/64/64-0705X.pdf
64-0719E;Sortir du camp;MS;1964;314;84222;oui;oui;64-0719E__MS.json.gz;https://branham.fr/files/pdf/64/Going_Beyond_The_Camp.pdf
64-0719E;Sortir du camp;SHP;1964;258;84549;oui;oui;64-0719E__Shp.json.gz;https://branham.fr/files/pdf/64/SHP64-0719E.pdf
64-0719E;Sortir Du Camp;VGR;1964;249;84453;oui;oui;64-0719E__VGR.json.gz;https://branham.fr/files/pdf/64/FRN64-0719e.pdf
64-0719M;La Fête Des Trompettes;MS;1964;493;125003;oui;oui;64-0719M__MS.json.gz;https://branham.fr/files/pdf/64/The_Feast_Of_The_Trumpets.pdf
64-0719M;La Fête Des Trompettes;SHP;1964;378;124130;oui;oui;64-0719M__Shp.json.gz;https://branham.fr/files/pdf/64/SHP64-0719M.pdf
64-0719M;La Fête Des Trompettes;VGR;1964;372;125269;oui;oui;64-0719M__VGR.json.gz;https://branham.fr/files/pdf/64/FRN64-0719m.pdf
64-0726E;Des Citernes Crevassées;MS;1964;325;89633;oui;oui;64-0726E__MS.json.gz;https://branham.fr/files/pdf/64/Broken_Cisterns.pdf
64-0726E;Des Citernes Crevassées;SHP;1964;289;89945;oui;oui;64-0726E__Shp.json.gz;https://branham.fr/files/pdf/64/SHP64-0726E.pdf
64-0726E;Des Citernes Crevassées;VGR;1964;260;89943;oui;oui;64-0726E__VGR.json.gz;https://branham.fr/files/pdf/64/FRN64-0726e.pdf
64-0726M;Reconnaître votre jour et son message;MS;1964;524;129107;oui;oui;64-0726M__MS.json.gz;https://branham.fr/files/pdf/64/Recognizing_Your_Day_And_Its_Message.pdf
64-0726M;Reconnaître Votre Jour Et Son Message;SHP;1964;651;127676;non;oui;64-0726M__Shp.json.gz;https://branham.fr/files/pdf/64/shp64-0726M.pdf
64-0726M;Reconnaître Votre Jour Et Son Message;VGR;1964;402;129656;oui;oui;64-0726M__vgr.json.gz;https://branham.fr/files/pdf/64/FRN64-0726m.pdf
64-0802;La Demeure Future De L’Epoux Céleste Et De L’Epouse Terrestre;MS;1964;953;193931;oui;oui;64-0802__MS.json.gz;https://branham.fr/files/pdf/64/The_Future_Home_Of _he_Heavenly_Bridegroom_And_The_Earthly_Bride.pdf
64-0802;La Demeure Future De L’Époux Céleste Et De L’Épouse Terrestre;SHP;1964;1110;192367;non;oui;64-0802__Shp.json.gz;https://branham.fr/files/pdf/64/shp64-0802.pdf
64-0802;La Demeure Future De L’Epoux Céleste Et De L’Epouse Terrestre;VGR;1964;729;194820;oui;oui;64-0802__VGR.json.gz;https://branham.fr/files/pdf/64/FRN64-0802.pdf
64-0816;Confirmant Sa Parole;SHP;1964;790;174387;non;oui;64-0816__Shp.json.gz;https://branham.fr/files/pdf/64/shp64-0816.pdf
64-0823E;Questions Et Réponses N°2;SHP;1964;477;169003;oui;oui;64-0823E__Shp.json.gz;https://branham.fr/files/pdf/64/SHP64-0823E.pdf
64-0823E;Questions Et Réponses n° 2;VGR;1964;733;171133;oui;oui;64-0823E__VGR.json.gz;https://branham.fr/files/pdf/64/FRN64-0823e.pdf
64-0823M;Questions Et Réponses N°1;SHP;1964;421;190476;oui;oui;64-0823M__Shp.json.gz;https://branham.fr/files/pdf/64/SHP64-0823M.pdf
64-0823M;Questions Et Réponses n° 1;VGR;1964;765;193988;oui;oui;64-0823M__VGR.json.gz;https://branham.fr/files/pdf/64/FRN64-0823m.pdf
64-0830E;Questions Et Reponses N°4;SHP;1964;425;117415;oui;oui;64-0830E__Shp.json.gz;https://branham.fr/files/pdf/64/SHP64-0830E.pdf
64-0830E;Questions Et Réponses n° 4;VGR;1964;593;117663;oui;oui;64-0830E__VGR.json.gz;https://branham.fr/files/pdf/64/FRN64-0830e.pdf
64-0830M;Questions Et Réponses N°3;SHP;1964;505;212145;oui;oui;64-0830M__Shp.json.gz;https://branham.fr/files/pdf/64/SHP64-0830M.pdf
64-0830M;Questions Et Réponses n° 3;VGR;1964;943;214034;oui;oui;64-0830M__VGR.json.gz;https://branham.fr/files/pdf/64/FRN64-0830m.pdf
64-1205;Le Chef-d'oeuvre identifie de Dieu;SHP;1964;217;93190;non;oui;64-1205__Shp.json.gz;https://branham.fr/files/pdf/64/SHP64-1205.pdf
64-1212;Le Temps de la moisson;SHP;1964;431;165399;non;oui;64-1212__Shp.json.gz;https://branham.fr/files/pdf/64/SHP64-1212.pdf
64-1221;Pourquoi il fallait que ça soit les bergers;MS;1964;450;144053;non;oui;64-1221__MS.json.gz;https://branham.fr/files/pdf/64/Why_It_Had_To_Be_Shepherds.pdf
64-1221;Pourquoi Il Fallait Que Ça Soit Les Bergers;SHP;1964;530;144210;non;oui;64-1221__Shp.json.gz;https://branham.fr/files/pdf/64/shp64-1221.pdf
64-1227;Qui Dites-Vous Que C’est?;SHP;1964;262;121776;oui;oui;64-1227__Shp.json.gz;https://branham.fr/files/pdf/64/SHP64-1227.pdf
64-1227;Qui Dites-Vous Que C’est?;VGR;1964;260;123722;oui;oui;64-1227__VGR.json.gz;https://branham.fr/files/pdf/64/FRN64-1227.pdf
65-0000;Exposé des sept ages de l'Eglise : Révélation de Jésus Christ;VGR;1965;241;81590;oui;oui;65-0000__VGR.json.gz;https://branham.fr/files/pdf/65/65-0000.pdf
65-0001;Exposé des sept ages de l'Eglise : Vision de Patmos;VGR;1965;148;60489;oui;oui;65-0001__VGR.json.gz;https://branham.fr/files/pdf/65/65-0001.pdf
65-0002;Exposé des sept ages de l'Eglise : Age de l’Eglise d’Éphèse;VGR;1965;274;116844;oui;oui;65-0002__VGR.json.gz;https://branham.fr/files/pdf/65/65-0002.pdf
65-0003;Exposé des sept ages de l'Eglise : Age de l’Eglise de Smyrne;VGR;1965;312;130584;oui;oui;65-0003__VGR.json.gz;https://branham.fr/files/pdf/65/65-0003.pdf
65-0004;Exposé des sept ages de l'Eglise : Age de l’Eglise de Pergame;VGR;1965;337;148715;oui;oui;65-0004__VGR.json.gz;https://branham.fr/files/pdf/65/65-0004.pdf
65-0005;Exposé des sept ages de l'Eglise : Age de l’Eglise de Thyatire;VGR;1965;201;78927;oui;oui;65-0005__VGR.json.gz;https://branham.fr/files/pdf/65/65-0005.pdf
65-0006;Exposé des sept ages de l'Eglise : Age de l’Eglise de Sardes;VGR;1965;261;121058;oui;oui;65-0006__VGR.json.gz;https://branham.fr/files/pdf/65/65-0006.pdf
65-0007;Exposé des sept ages de l'Eglise : Age de l’Eglise de Philadelphie;VGR;1965;232;85342;oui;oui;65-0007__VGR.json.gz;https://branham.fr/files/pdf/65/65-0007.pdf
65-0008;Exposé des sept ages de l'Eglise : Age de l’Eglise de Laodicée;VGR;1965;321;128312;oui;oui;65-0008__VGR.json.gz;https://branham.fr/files/pdf/65/65-0008.pdf
65-0009;Exposé des sept ages de l'Eglise : Résumé des ages;VGR;1965;92;45055;oui;oui;65-0009__VGR.json.gz;https://branham.fr/files/pdf/65/65-0009.pdf
65-0116;Cérémonie De Mariage;SHP;1965;34;6946;non;oui;65-0116__Shp.json.gz;https://branham.fr/files/pdf/65/shp65-0116.pdf
65-0117;Un Paradoxe;SHP;1965;288;90600;oui;oui;65-0117__SHP.json.gz;https://branham.fr/files/pdf/65/65-0117.pdf
65-0118;La Semence De Discorde;MS;1965;255;83169;oui;oui;65-0118__MS.json.gz;https://branham.fr/files/pdf/65/Seed_Of_Discrepancy.pdf
65-0118;La Semence De Discorde;SHP;1965;196;82535;oui;oui;65-0118__Shp.json.gz;https://branham.fr/files/pdf/65/SHP65-0118.pdf
65-0118;La Semence De Discorde;VGR;1965;187;83381;oui;oui;65-0118__VGR.json.gz;https://branham.fr/files/pdf/65/FRN65-0118.pdf
65-0119;Le Dieu Qui Est Riche En Miséricorde;MS;1965;329;89829;oui;oui;65-0119__MS.json.gz;https://branham.fr/files/pdf/65/The_God_Who_Is_Rich_In_Mercy.pdf
65-0119;Le Dieu Qui Est Riche En Miséricorde;SHP;1965;413;88528;non;oui;65-0119__Shp.json.gz;https://branham.fr/files/pdf/65/shp65-0119.pdf
65-0119;Le Dieu Qui Est Riche En Miséricorde;VGR;1965;239;90076;oui;oui;65-0119__VGR.json.gz;https://branham.fr/files/pdf/65/FRN65-0119.pdf
65-0120;Ne T’appuie Pas Sur Ton Intelligence;MS;1965;405;112321;oui;oui;65-0120__MS.json.gz;https://branham.fr/files/pdf/65/Lean_Not_Unto_Thy_Own_Understanding.pdf
65-0120;Ne T'Appuie Pas Sur Ton Intelligence;SHP;1965;550;110208;non;oui;65-0120__Shp.json.gz;https://branham.fr/files/pdf/65/shp65-0120.pdf
65-0120;Ne T’appuie Pas Sur Ton Intelligence;VGR;1965;292;112638;oui;oui;65-0120__VGR.json.gz;https://branham.fr/files/pdf/65/FRN65-0120.pdf
65-0123;Des Citernes Crevassées;SHP;1965;272;88224;non;oui;65-0123__Shp.json.gz;https://branham.fr/files/pdf/65/65-0123_DES_CITERNES_CREVASSEES.pdf
65-0123;Des Citernes Crevassées;VGR;1965;263;87641;oui;oui;65-0123__VGR.json.gz;https://branham.fr/files/pdf/65/FRN65-0123.pdf
65-0124;Les Douleurs De L'Enfantement;SHP;1965;218;107322;oui;oui;65-0124__Shp.json.gz;https://branham.fr/files/pdf/65/65-0124.pdf
65-0124;Les Douleurs De L’Enfantement;VGR;1965;300;109131;oui;oui;65-0124__VGR.json.gz;https://branham.fr/files/pdf/65/FRN65-0124.pdf
65-0125;Aujourd'hui Cette Écriture Est Accomplie;MS;1965;103;25453;oui;oui;65-0125__MS.json.gz;https://branham.fr/files/pdf/65/This_Day_This_Scripture_Is_Fulfilled.pdf
65-0125;Aujourd'hui Cette Écriture Est Accomplie;SHP;1965;120;25338;non;oui;65-0125__Shp.json.gz;https://branham.fr/files/pdf/65/shp65-0125.pdf
65-0125;Aujourd’hui Cette Écriture Est Accomplie;VGR;1965;64;25545;oui;oui;65-0125__VGR.json.gz;https://branham.fr/files/pdf/65/FRN65-0125.pdf
65-0206;Les Portes dans la porte;SHP;1965;361;121786;non;oui;65-0206__SHP.json.gz;https://branham.fr/files/pdf/65/650-0206.pdf
65-0217;Un Homme Qui Fuit La Face De l’Eternel;MS;1965;438;94604;oui;oui;65-0217__MS.json.gz;https://branham.fr/files/pdf/65/A_Man_Running_From_The_Presence_Of_The_Lord.pdf
65-0217;Un Homme Qui Fuit Loin De La Présence De Dieu;SHP;1965;240;95861;oui;oui;65-0217__Shp.json.gz;https://branham.fr/files/pdf/65/SHP65-0217.pdf
65-0217;Un Homme Qui Fuit La Face De L’Eternel;VGR;1965;302;95119;oui;oui;65-0217__VGR.json.gz;https://branham.fr/files/pdf/65/FRN65-0217.pdf
65-0218;La Semence N’hérite Pas Avec La Balle;MS;1965;281;86016;oui;oui;65-0218__MS.json.gz;https://branham.fr/files/pdf/65/The_Seed_Is_Not_Heir_With_The_Shuck.pdf
65-0218;La Semence N'hérite Pas Avec La Balle;SHP;1965;192;88976;oui;oui;65-0218__Shp.json.gz;https://branham.fr/files/pdf/65/SHP65-0218.pdf
65-0218;La Semence N’hérite Pas Avec La Balle;VGR;1965;192;86524;oui;oui;65-0218__VGR.json.gz;https://branham.fr/files/pdf/65/FRN65-0218.pdf
65-0219;Aujourd'hui Cette Écriture Est Accomplie2;MS;1965;342;84287;oui;oui;65-0219__MS.json.gz;https://branham.fr/files/pdf/65/This_Day_This_Scripture_Is_Fulfilled2.pdf
65-0219;Aujourd'hui Cette Ecriture Est Accomplie;SHP;1965;289;84477;oui;oui;65-0219__Shp.json.gz;https://branham.fr/files/pdf/65/SHP65-0219.pdf
65-0219;Aujourd’hui Cette Écriture Est Accomplie;VGR;1965;268;86345;oui;oui;65-0219__VGR.json.gz;https://branham.fr/files/pdf/65/FRN65-0219.pdf
65-0220;Le lieu d'adoration que Dieu a choisi;MS;1965;341;79795;oui;oui;65-0220__MS.json.gz;https://branham.fr/files/pdf/65/Gods_Chosen_Place_Of_Worship.pdf
65-0220;Le Lieu D'Adoration Que Dieu A Choisi;SHP;1965;372;79412;non;oui;65-0220__Shp.json.gz;https://branham.fr/files/pdf/65/shp65-0220.pdf
65-0220;Le Lieu D’adoration Que Dieu A Choisi;VGR;1965;255;79695;oui;oui;65-0220__VGR.json.gz;https://branham.fr/files/pdf/65/FRN65-0220.pdf
65-0220X;Une Cérémonie De Mariage;SHP;1965;27;6263;non;oui;65-0220X__Shp.json.gz;https://branham.fr/files/pdf/65/shp65-0220X.pdf
65-0221E;Qui Est Ce Melchisédek?;MS;1965;350;95696;oui;oui;65-0221E__MS.json.gz;https://branham.fr/files/pdf/65/Who_Is_This_Melchisedec.pdf
65-0221E;Qui Est Ce Melchisédek?;SHP;1965;242;97734;oui;oui;65-0221E__Shp.json.gz;https://branham.fr/files/pdf/65/SHP65-0221E.pdf
65-0221E;Qui Est Ce Melchisédek?;VGR;1965;217;95979;oui;oui;65-0221E__VGR.json.gz;https://branham.fr/files/pdf/65/FRN65-0221e.pdf
65-0221M;Le Mariage Et Le Divorce;MS;1965;498;133973;oui;oui;65-0221M__MS.json.gz;https://branham.fr/files/pdf/65/Marriage_And_Divorce.pdf
65-0221M;Le Mariage Et Le Divorce;SHP;1965;318;132832;oui;oui;65-0221M__Shp.json.gz;https://branham.fr/files/pdf/65/SHP65-0221M.pdf
65-0221M;Le Mariage Et Le Divorce;VGR;1965;364;134369;oui;oui;65-0221M__VGR.json.gz;https://branham.fr/files/pdf/65/FRN65-0221m.pdf
65-0410;Le Sceau De Pâques;SHP;1965;622;133128;non;oui;65-0410__Shp.json.gz;https://branham.fr/files/pdf/65/shp65-0410.pdf
65-0410;Le Sceau De Pâques;VGR;1965;380;136781;oui;oui;65-0410__VGR.json.gz;https://branham.fr/files/pdf/65/FRN65-0410.pdf
65-0418E;Arrive-t-il À Dieu De Changer Sa Pensée Au Sujet De Sa Parole?;MS;1965;410;110419;oui;oui;65-0418E__MS.json.gz;https://branham.fr/files/pdf/65/Does_God_Ever_Change_His_Mind_About_His_Word.pdf
65-0418E;Dieu Change-t-il De Pensée Au Sujet De Sa Parole?;SHP;1965;322;114277;oui;oui;65-0418E__Shp.json.gz;https://branham.fr/files/pdf/65/SHP65-0418E.pdf
65-0418E;Arrive-t-il À Dieu De Changer D’avis À Propos De Sa Parole?;VGR;1965;393;119571;oui;oui;65-0418E__VGR.json.gz;https://branham.fr/files/pdf/65/FRN65-0418e.pdf
65-0418M;C’est le lever du soleil;MS;1965;526;140664;oui;oui;65-0418M__MS.json.gz;https://branham.fr/files/pdf/65/It_Is_The_Rising_Of_The_Sun.pdf
65-0418M;C'est Le Lever Du Soleil (La Puissance Vivifiante);SHP;1965;419;138266;oui;oui;65-0418M__Shp.json.gz;https://branham.fr/files/pdf/65/SHP65-0418M.pdf
65-0418M;C’est le lever du Soleil;VGR;1965;404;141317;oui;oui;65-0418M__VGR.json.gz;https://branham.fr/files/pdf/65/FRN65-0418m.pdf
65-0424;Un sur un million;SHP;1965;113;45677;oui;oui;65-0424__Shp.json.gz;https://branham.fr/files/pdf/65/65-0424_UN_SUR_UN_MILLION.pdf
65-0424;Un Sur Un Million;VGR;1965;107;46247;oui;oui;65-0424__vgr.json.gz;https://branham.fr/files/pdf/65/FRN65-0424.pdf
65-0425;Le Lieu D'adoration Auquel Dieu A Pourvu;SHP;1965;283;101003;oui;oui;65-0425__Shp.json.gz;https://branham.fr/files/pdf/65/65-0425.pdf
65-0425;Le Lieu D’adoration Que Dieu A Donné;VGR;1965;270;102082;oui;oui;65-0425__VGR.json.gz;https://branham.fr/files/pdf/65/FRN65-0425.pdf
65-0426;Dieu Confirmant Sa Parole;SHP;1965;347;125297;oui;oui;65-0426__Shp.json.gz;https://branham.fr/files/pdf/65/65-0426_DIEU_CONFIRMANT_SA_PAROLE.pdf
65-0426;Prouvant Sa Parole;VGR;1965;415;129063;oui;oui;65-0426__VGR.json.gz;https://branham.fr/files/pdf/65/FRN65-0426.pdf
65-0427;Dieu change-t-il sa pensée au sujet de sa parole ?;SHP;1965;289;94776;non;oui;65-0427__SHP.json.gz;https://branham.fr/files/pdf/65/65-0427.pdf
65-0429B;La Semence n'hérite pas avec la balle;SHP;1965;188;58982;non;oui;65-0429B__SHP.json.gz;https://branham.fr/files/pdf/65/65-0429B.pdf
65-0429E;Le Choix D’une Épouse;MS;1965;292;90629;oui;oui;65-0429E__MS.json.gz;https://branham.fr/files/pdf/65/The_Choosing_Of_A_Bride.pdf
65-0429E;Le Choix D'Une Épouse;SHP;1965;367;96663;oui;oui;65-0429E__Shp.json.gz;https://branham.fr/files/pdf/65/shp65-0429E.pdf
65-0429E;Le Choix D’une Épouse;VGR;1965;266;99863;oui;oui;65-0429E__VGR.json.gz;https://branham.fr/files/pdf/65/FRN65-0429e.pdf
65-0527;Dernière visite à l'Afrique du sud;MS;1965;8;2145;non;oui;65-0527__MS.json.gz;https://branham.fr/files/pdf/65/Last_Visit_To_South_Africa.pdf
65-0527;La Dernière Visite A L'Afrique Du Sud;SHP;1965;5;2121;non;oui;65-0527__Shp.json.gz;https://branham.fr/files/pdf/65/SHP65-0527.pdf
65-0711;Honteux de Lui;MS;1965;316;94273;oui;oui;65-0711__MS.json.gz;https://branham.fr/files/pdf/65/Ashamed_(Africa_Trip_Report).pdf
65-0711;Honteux de Lui;SHP;1965;245;102792;oui;oui;65-0711__Shp.json.gz;https://branham.fr/files/pdf/65/SHP65-0711.pdf
65-0718E;La Nourriture Spirituelle Au Temps Convenable;SHP;1965;273;88974;oui;oui;65-0718E__Shp.json.gz;https://branham.fr/files/pdf/65/65-0718E.pdf
65-0718E;La Nourriture Spirituelle Au Temps Convenable;VGR;1965;269;89933;oui;oui;65-0718E__VGR.json.gz;https://branham.fr/files/pdf/65/FRN65-0718e.pdf
65-0718M;Rendre Un Service À Dieu En Dehors De Sa Volonté;MS;1965;407;113773;oui;oui;65-0718M__MS.json.gz;https://branham.fr/files/pdf/65/Trying_To_Do_God_A_Service_Without_Being_The_Will_Of_God.pdf
65-0718M;Rendre Un Service À Dieu En Dehors De Sa Volonté;SHP;1965;473;116671;oui;oui;65-0718M__Shp.json.gz;https://branham.fr/files/pdf/65/shp65-0718M.pdf
65-0718M;Essayer De Rendre Un Service À Dieu Sans Que Cela Soit La Volonté De Dieu;VGR;1965;247;114169;oui;oui;65-0718M__VGR.json.gz;https://branham.fr/files/pdf/65/FRN65-0718m.pdf
65-0725E;Quelle Est L’attraction Sur La Montagne?;MS;1965;384;90760;oui;oui;65-0725E__MS.json.gz;https://branham.fr/files/pdf/65/What_Is_The_Attraction_On_The_Mountain.pdf
65-0725E;Quelle Est L’attraction Sur La Montagne?;SHP;1965;282;88700;oui;oui;65-0725E__Shp.json.gz;https://branham.fr/files/pdf/65/SHP65-0725E.pdf
65-0725E;Quelle Est L’attraction Sur La Montagne?;VGR;1965;275;91238;oui;oui;65-0725E__VGR.json.gz;https://branham.fr/files/pdf/65/FRN65-0725e.pdf
65-0725M;Les Oints Du Temps De La Fin;MS;1965;820;176829;oui;oui;65-0725M__MS.json.gz;https://branham.fr/files/pdf/65/The_Anointed_Ones_At_The_End_Time.pdf
65-0725M;Les Oints Du Temps De La Fin;SHP;1965;625;176109;oui;oui;65-0725M__Shp.json.gz;https://branham.fr/files/pdf/65/65-0725M.pdf
65-0725M;Les Oints Du Temps De La Fin;VGR;1965;569;177368;oui;oui;65-0725M__VGR.json.gz;https://branham.fr/files/pdf/65/FRN65-0725m.pdf
65-0801E;Les Événements Rendus Clairs Par La Prophétie;MS;1965;326;98444;oui;oui;65-0801E__MS.json.gz;https://branham.fr/files/pdf/65/Events_Made_Clear_By_Prophecy.pdf
65-0801E;Les Événements Rendus Clairs Par La Prophétie;SHP;1965;229;97414;oui;oui;65-0801E__Shp.json.gz;https://branham.fr/files/pdf/65/65-0801E_LES_EVENEMENTS_RENDUS_CLAIRS_PAR_LA_PROPHETIE.pdf
65-0801E;Les Evénements Rendus Clairs Par La Prophétie;VGR;1965;218;98856;oui;oui;65-0801E__VGR.json.gz;https://branham.fr/files/pdf/65/FRN65-0801e.pdf
65-0801M;Le Dieu De Cet Âge Mauvais;MS;1965;451;143789;oui;oui;65-0801M__MS.json.gz;https://branham.fr/files/pdf/65/The_God_Of_This_Evil_Age.pdf
65-0801M;Le Dieu De Cet Âge Mauvais;SHP;1965;317;144087;oui;oui;65-0801M__Shp.json.gz;https://branham.fr/files/pdf/65/65-0801M_LE_DIEU_DE_CET_AGE_MAUVAIS.pdf
65-0801M;Le Dieu De Cet Âge Mauvais;VGR;1965;436;143939;oui;oui;65-0801M__VGR.json.gz;https://branham.fr/files/pdf/65/FRN65-0801m.pdf
65-0815;Et Tu Ne Le Sais Pas;MS;1965;463;108630;oui;oui;65-0815__MS.json.gz;https://branham.fr/files/pdf/65/And_Knoweth_It_Not.pdf
65-0815;Et Tu Ne Le Sais Pas;SHP;1965;568;106624;non;oui;65-0815__Shp.json.gz;https://branham.fr/files/pdf/65/shp65-0815.pdf
65-0815;Et Tu Ne Le Sais Pas;VGR;1965;328;108570;oui;oui;65-0815__VGR.json.gz;https://branham.fr/files/pdf/65/FRN65-0815.pdf
65-0822E;Le Filtre D'un Homme Qui Réfléchit;SHP;1965;298;105355;oui;oui;65-0822E__Shp.json.gz;https://branham.fr/files/pdf/65/SHP65-0822E.pdf
65-0822E;Le Filtre D’un Homme Qui Réfléchit;VGR;1965;342;109876;oui;oui;65-0822E__VGR.json.gz;https://branham.fr/files/pdf/65/FRN65-0822e.pdf
65-0822M;Christ est révélé dans sa propre parole;MS;1965;367;127590;oui;oui;65-0822M__MS.json.gz;https://branham.fr/files/pdf/65/Christ_Is_Revealed_In_His_Own_Word.pdf
65-0822M;Christ Est Révélé Dans Sa Propre Parole;SHP;1965;216;126828;oui;oui;65-0822M__Shp.json.gz;https://branham.fr/files/pdf/65/SHP65-0822M.pdf
65-0822M;Christ est révélé dans sa propre parole;VGR;1965;199;127638;oui;oui;65-0822M__VGR.json.gz;https://branham.fr/files/pdf/65/FRN65-0822m.pdf
65-0829;L'Eden de Satan;MS;1965;330;84014;oui;oui;65-0829__MS.json.gz;https://branham.fr/files/pdf/65/Satans_Eden.pdf
65-0829;L'Eden De Satan;SHP;1965;414;82815;oui;oui;65-0829__Shp.json.gz;https://branham.fr/files/pdf/65/shp65-0829.pdf
65-0829;L’Eden De Satan;VGR;1965;256;84362;oui;oui;65-0829__VGR.json.gz;https://branham.fr/files/pdf/65/FRN65-0829.pdf
65-0911;Le pouvoir de Dieu pour transformer;MS;1965;475;117524;oui;oui;65-0911__MS.json.gz;https://branham.fr/files/pdf/65/Gods_Power_To_Transform.pdf
65-0911;La Puissance de Dieu pour la transformation;SHP;1965;383;119815;oui;oui;65-0911__Shp.json.gz;https://branham.fr/files/pdf/65/65-0911_LA_PUISSANCE_DE_DIEU_POUR_LA_TRANSFORMATION.pdf
65-0919;Soif;MS;1965;422;121263;oui;oui;65-0919__MS.json.gz;https://branham.fr/files/pdf/65/Thirst.pdf
65-0919;La Soif;SHP;1965;319;121364;oui;oui;65-0919__Shp.json.gz;https://branham.fr/files/pdf/65/SHP65-0919.pdf
65-0919;Soif;VGR;1965;318;121706;oui;oui;65-0919__vgr.json.gz;https://branham.fr/files/pdf/65/FRN65-0919.pdf
65-1031A;Être Conduit (Suis-Moi);MS;1965;246;62862;oui;oui;65-1031A__MS.json.gz;https://branham.fr/files/pdf/65/Leadership.pdf
65-1031A;Être Conduit (Suis-Moi);SHP;1965;302;62874;non;oui;65-1031A__Shp.json.gz;https://branham.fr/files/pdf/65/shp65-1031A.pdf
65-1031A;Être Conduit;VGR;1965;174;64795;oui;oui;65-1031A__VGR.json.gz;https://branham.fr/files/pdf/65/FRN65-1031a.pdf
65-1031M;La puissance de transformation;MS;1965;560;138311;non;oui;65-1031M__MS.json.gz;https://branham.fr/files/pdf/65/Power_Of_Transformation.pdf
65-1031M;La Puissance De Transformation;SHP;1965;374;138656;non;oui;65-1031M__Shp.json.gz;https://branham.fr/files/pdf/65/SHP65-1031M.pdf
65-1121;Quelle Maison Me Bâtirez-Vous?;MS;1965;68;24228;oui;oui;65-1121__MS.json.gz;https://branham.fr/files/pdf/65/What_House_Will_You_Build_Me.pdf
65-1121;Quelle Maison Me Bâtirez-Vous?;SHP;1965;90;23651;non;oui;65-1121__Shp.json.gz;https://branham.fr/files/pdf/65/shp65-1121.pdf
65-1121;Quelle Maison Me Bâtirez-Vous?;VGR;1965;56;24321;oui;oui;65-1121__VGR.json.gz;https://branham.fr/files/pdf/65/FRN65-1121.pdf
65-1125;Union Invisible De L’Épouse De Christ;MS;1965;512;143426;oui;oui;65-1125__MS.json.gz;https://branham.fr/files/pdf/65/Invisible_Union_Of_The_Bride_Of_Christ.pdf
65-1125;L'Union Invisible De L'Epouse De Christ;SHP;1965;355;147425;oui;oui;65-1125__Shp.json.gz;https://branham.fr/files/pdf/65/SHP65-1125.pdf
65-1125;L’Union Invisible De L’Épouse De Christ;VGR;1965;462;160558;oui;oui;65-1125__VGR.json.gz;https://branham.fr/files/pdf/65/FRN65-1125.pdf
65-1126;Les Oeuvres Sont L'expression De La Foi;SHP;1965;416;133562;oui;oui;65-1126__Shp.json.gz;https://branham.fr/files/pdf/65/65-1126.pdf
65-1126;Les Oeuvres Sont La Foi Exprimée;VGR;1965;411;135096;oui;oui;65-1126__VGR.json.gz;https://branham.fr/files/pdf/65/FRN65-1126.pdf
65-1127B;Essayer De Rendre Un Service À Dieu, Sans Que Ce Soit La Volonté de Dieu;MS;1965;591;145832;non;oui;65-1127B__MS.json.gz;https://branham.fr/files/pdf/65/Trying_To_Do_God_A_Service_Without_It_Being_Gods_Will.pdf
65-1127B;Essayer De Rendre Un Service À Dieu, Sans Que Ce Soit La Volonté De Dieu;SHP;1965;429;146932;oui;oui;65-1127B__Shp.json.gz;https://branham.fr/files/pdf/65/SHP65-1127B.pdf
65-1127B;Essayer De Rendre Un Service À Dieu Sans Que Ce Soit La Volonté De Dieu;VGR;1965;424;147580;oui;oui;65-1127B__VGR.json.gz;https://branham.fr/files/pdf/65/FRN65-1127B.pdf
65-1127E;J'ai Entendu, Mais Maintenant Je Vois;SHP;1965;503;107734;oui;oui;65-1127E__Shp.json.gz;https://branham.fr/files/pdf/65/65-1127E.pdf
65-1127E;J’avais Entendu, Mais Maintenant J’ai Vu;VGR;1965;481;113071;oui;oui;65-1127E__VGR.json.gz;https://branham.fr/files/pdf/65/FRN65-1127e.pdf
65-1128E;Sur Les Ailes D’une Colombe Blanche Comme La Neige;MS;1965;506;105743;oui;oui;65-1128E__MS.json.gz;https://branham.fr/files/pdf/65/On_The_Wings_Of_A_Snow-White_Dove.pdf
65-1128E;Sur Les Ailes D'une Colombe Blanche Comme La Neige;SHP;1965;614;107119;oui;oui;65-1128E__Shp.json.gz;https://branham.fr/files/pdf/65/shp65-1128E.pdf
65-1128E;Sur Les Ailes D’une Colombe Blanche Comme La Neige;VGR;1965;390;106266;oui;oui;65-1128E__VGR.json.gz;https://branham.fr/files/pdf/65/FRN65-1128e.pdf
65-1128M;Le Seul Lieu D'Adoration Auquel Dieu A Pourvu;SHP;1965;571;115205;non;oui;65-1128M__Shp.json.gz;https://branham.fr/files/pdf/65/shp65-1128M.pdf
65-1204;L'Enlèvement;MS;1965;395;109828;oui;oui;65-1204__MS.json.gz;https://branham.fr/files/pdf/65/The_Rapture.pdf
65-1204;L'Enlèvement;SHP;1965;499;113480;oui;oui;65-1204__Shp.json.gz;https://branham.fr/files/pdf/65/shp65-1204.pdf
65-1204;L’Enlèvement;VGR;1965;270;110572;oui;oui;65-1204__VGR.json.gz;https://branham.fr/files/pdf/65/FRN65-1204.pdf
65-1205;Les Choses Qui Doivent Arriver;SHP;1965;260;132668;oui;oui;65-1205__Shp.json.gz;https://branham.fr/files/pdf/65/65-1205_LES_CHOSES_QUI_DOIVENT_ARRIVER.pdf
65-1205;Les Choses Qui Sont À Venir;VGR;1965;350;134691;oui;oui;65-1205__VGR.json.gz;https://branham.fr/files/pdf/65/FRN65-1205.pdf
65-1206;Les Evénements modernes rendus clairs par la prophétie;SHP;1965;387;130365;oui;oui;65-1206__SHP.json.gz;https://branham.fr/files/pdf/65/65-1206.pdf
65-1206;Les événements modernes sont rendus clairs par la prophétie;VGR;1965;385;131795;oui;oui;65-1206__VGR.json.gz;https://branham.fr/files/pdf/65/FRN65-1206.pdf
65-1207;Être conduit;SHP;1965;416;124419;oui;oui;65-1207__Shp.json.gz;https://branham.fr/files/pdf/65/65-1207.pdf
65-1207;Être conduit;VGR;1965;386;128509;oui;oui;65-1207__VGR.json.gz;https://branham.fr/files/pdf/65/FRN65-1207.pdf
65-1212;La Communion;MS;1965;126;34951;oui;oui;65-1212__MS.json.gz;https://branham.fr/files/pdf/65/Communion.pdf
65-1212;La Communion;SHP;1965;88;35275;oui;oui;65-1212__Shp.json.gz;https://branham.fr/files/pdf/65/SHP65-1212.pdf
65-1212;La Communion;VGR;1965;89;35014;oui;oui;65-1212__VGR.json.gz;https://branham.fr/files/pdf/65/FRN65-1212.pdf
